Workbook

Sheet RESUMEN
A1: ÁLBUM LaLiga EA Sports 2026-27 — SEGUIMIENTO DE CROMOS
A2: Equipo / Sección | B2: Total | C2: Faltan | D2: Pedir | E2: Repetidos | F2: Enviados | G2: Disponibles
A3: D. ALAVÉS | B3: 19 | C3: =COUNTIF('D. ALAVÉS'!C3:C21,"") -> 10 | D3: =COUNTIF('D. ALAVÉS'!D3:D21,"X") -> 6 | E3: =SUMIF('D. ALAVÉS'!E3:E21,">"&0,'D. ALAVÉS'!E3:E21) -> 6 | F3: =SUM('D. ALAVÉS'!F3:F21) -> 0 | G3: =SUM('D. ALAVÉS'!G3:G21) -> 6
A4: ATHLETIC CLUB | B4: 23 | C4: =COUNTIF('ATHLETIC CLUB'!C3:C25,"") -> 7 | D4: =COUNTIF('ATHLETIC CLUB'!D3:D25,"X") -> 3 | E4: =SUMIF('ATHLETIC CLUB'!E3:E25,">"&0,'ATHLETIC CLUB'!E3:E25) -> 4 | F4: =SUM('ATHLETIC CLUB'!F3:F25) -> 0 | G4: =SUM('ATHLETIC CLUB'!G3:G25) -> 4
A5: ATLÉTICO DE MADRID | B5: 22 | C5: =COUNTIF('ATLÉTICO DE MADRID'!C3:C24,"") -> 11 | D5: =COUNTIF('ATLÉTICO DE MADRID'!D3:D24,"X") -> 6 | E5: =SUMIF('ATLÉTICO DE MADRID'!E3:E24,">"&0,'ATLÉTICO DE MADRID'!E3:E24) -> 6 | F5: =SUM('ATLÉTICO DE MADRID'!F3:F24) -> 0 | G5: =SUM('ATLÉTICO DE MADRID'!G3:G24) -> 6
A6: FC BARCELONA | B6: 21 | C6: =COUNTIF('FC BARCELONA'!C3:C23,"") -> 7 | D6: =COUNTIF('FC BARCELONA'!D3:D23,"X") -> 5 | E6: =SUMIF('FC BARCELONA'!E3:E23,">"&0,'FC BARCELONA'!E3:E23) -> 7 | F6: =SUM('FC BARCELONA'!F3:F23) -> 0 | G6: =SUM('FC BARCELONA'!G3:G23) -> 7
A7: REAL BETIS | B7: 20 | C7: =COUNTIF('REAL BETIS'!C3:C22,"") -> 9 | D7: =COUNTIF('REAL BETIS'!D3:D22,"X") -> 7 | E7: =SUMIF('REAL BETIS'!E3:E22,">"&0,'REAL BETIS'!E3:E22) -> 6 | F7: =SUM('REAL BETIS'!F3:F22) -> 0 | G7: =SUM('REAL BETIS'!G3:G22) -> 6
A8: RC CELTA DE VIGO | B8: 22 | C8: =COUNTIF('RC CELTA DE VIGO'!C3:C24,"") -> 12 | D8: =COUNTIF('RC CELTA DE VIGO'!D3:D24,"X") -> 8 | E8: =SUMIF('RC CELTA DE VIGO'!E3:E24,">"&0,'RC CELTA DE VIGO'!E3:E24) -> 8 | F8: =SUM('RC CELTA DE VIGO'!F3:F24) -> 0 | G8: =SUM('RC CELTA DE VIGO'!G3:G24) -> 8
A9: RC DEPORTIVO | B9: 20 | C9: =COUNTIF('RC DEPORTIVO'!C3:C22,"") -> 8 | D9: =COUNTIF('RC DEPORTIVO'!D3:D22,"X") -> 6 | E9: =SUMIF('RC DEPORTIVO'!E3:E22,">"&0,'RC DEPORTIVO'!E3:E22) -> 3 | F9: =SUM('RC DEPORTIVO'!F3:F22) -> 0 | G9: =SUM('RC DEPORTIVO'!G3:G22) -> 3
A10: ELCHE CF | B10: 20 | C10: =COUNTIF('ELCHE CF'!C3:C22,"") -> 9 | D10: =COUNTIF('ELCHE CF'!D3:D22,"X") -> 5 | E10: =SUMIF('ELCHE CF'!E3:E22,">"&0,'ELCHE CF'!E3:E22) -> 6 | F10: =SUM('ELCHE CF'!F3:F22) -> 0 | G10: =SUM('ELCHE CF'!G3:G22) -> 6
A11: RCD ESPANYOL | B11: 18 | C11: =COUNTIF('RCD ESPANYOL'!C3:C20,"") -> 6 | D11: =COUNTIF('RCD ESPANYOL'!D3:D20,"X") -> 5 | E11: =SUMIF('RCD ESPANYOL'!E3:E20,">"&0,'RCD ESPANYOL'!E3:E20) -> 4 | F11: =SUM('RCD ESPANYOL'!F3:F20) -> 0 | G11: =SUM('RCD ESPANYOL'!G3:G20) -> 4
A12: GETAFE CF | B12: 16 | C12: =COUNTIF('GETAFE CF'!C3:C18,"") -> 7 | D12: =COUNTIF('GETAFE CF'!D3:D18,"X") -> 7 | E12: =SUMIF('GETAFE CF'!E3:E18,">"&0,'GETAFE CF'!E3:E18) -> 3 | F12: =SUM('GETAFE CF'!F3:F18) -> 0 | G12: =SUM('GETAFE CF'!G3:G18) -> 3
A13: LEVANTE UD | B13: 19 | C13: =COUNTIF('LEVANTE UD'!C3:C21,"") -> 11 | D13: =COUNTIF('LEVANTE UD'!D3:D21,"X") -> 7 | E13: =SUMIF('LEVANTE UD'!E3:E21,">"&0,'LEVANTE UD'!E3:E21) -> 9 | F13: =SUM('LEVANTE UD'!F3:F21) -> 0 | G13: =SUM('LEVANTE UD'!G3:G21) -> 9
A14: REAL MADRID CF | B14: 23 | C14: =COUNTIF('REAL MADRID CF'!C3:C25,"") -> 8 | D14: =COUNTIF('REAL MADRID CF'!D3:D25,"X") -> 4 | E14: =SUMIF('REAL MADRID CF'!E3:E25,">"&0,'REAL MADRID CF'!E3:E25) -> 15 | F14: =SUM('REAL MADRID CF'!F3:F25) -> 0 | G14: =SUM('REAL MADRID CF'!G3:G25) -> 15
A15: MÁLAGA CF | B15: 19 | C15: =COUNTIF('MÁLAGA CF'!C3:C21,"") -> 7 | D15: =COUNTIF('MÁLAGA CF'!D3:D21,"X") -> 6 | E15: =SUMIF('MÁLAGA CF'!E3:E21,">"&0,'MÁLAGA CF'!E3:E21) -> 4 | F15: =SUM('MÁLAGA CF'!F3:F21) -> 0 | G15: =SUM('MÁLAGA CF'!G3:G21) -> 4
A16: CA OSASUNA | B16: 22 | C16: =COUNTIF('CA OSASUNA'!C3:C24,"") -> 10 | D16: =COUNTIF('CA OSASUNA'!D3:D24,"X") -> 7 | E16: =SUMIF('CA OSASUNA'!E3:E24,">"&0,'CA OSASUNA'!E3:E24) -> 8 | F16: =SUM('CA OSASUNA'!F3:F24) -> 0 | G16: =SUM('CA OSASUNA'!G3:G24) -> 8
A17: R. RACING CLUB | B17: 20 | C17: =COUNTIF('R. RACING CLUB'!C3:C22,"") -> 9 | D17: =COUNTIF('R. RACING CLUB'!D3:D22,"X") -> 5 | E17: =SUMIF('R. RACING CLUB'!E3:E22,">"&0,'R. RACING CLUB'!E3:E22) -> 5 | F17: =SUM('R. RACING CLUB'!F3:F22) -> 0 | G17: =SUM('R. RACING CLUB'!G3:G22) -> 5
A18: RAYO VALLECANO | B18: 21 | C18: =COUNTIF('RAYO VALLECANO'!C3:C23,"") -> 12 | D18: =COUNTIF('RAYO VALLECANO'!D3:D23,"X") -> 9 | E18: =SUMIF('RAYO VALLECANO'!E3:E23,">"&0,'RAYO VALLECANO'!E3:E23) -> 5 | F18: =SUM('RAYO VALLECANO'!F3:F23) -> 0 | G18: =SUM('RAYO VALLECANO'!G3:G23) -> 5
A19: REAL SOCIEDAD | B19: 20 | C19: =COUNTIF('REAL SOCIEDAD'!C3:C22,"") -> 6 | D19: =COUNTIF('REAL SOCIEDAD'!D3:D22,"X") -> 5 | E19: =SUMIF('REAL SOCIEDAD'!E3:E22,">"&0,'REAL SOCIEDAD'!E3:E22) -> 1 | F19: =SUM('REAL SOCIEDAD'!F3:F22) -> 0 | G19: =SUM('REAL SOCIEDAD'!G3:G22) -> 1
A20: SEVILLA FC | B20: 19 | C20: =COUNTIF('SEVILLA FC'!C3:C21,"") -> 11 | D20: =COUNTIF('SEVILLA FC'!D3:D21,"X") -> 6 | E20: =SUMIF('SEVILLA FC'!E3:E21,">"&0,'SEVILLA FC'!E3:E21) -> 5 | F20: =SUM('SEVILLA FC'!F3:F21) -> 0 | G20: =SUM('SEVILLA FC'!G3:G21) -> 5
A21: VALENCIA CF | B21: 22 | C21: =COUNTIF('VALENCIA CF'!C3:C24,"") -> 8 | D21: =COUNTIF('VALENCIA CF'!D3:D24,"X") -> 4 | E21: =SUMIF('VALENCIA CF'!E3:E24,">"&0,'VALENCIA CF'!E3:E24) -> 7 | F21: =SUM('VALENCIA CF'!F3:F24) -> 0 | G21: =SUM('VALENCIA CF'!G3:G24) -> 7
A22: VILLARREAL CF | B22: 23 | C22: =COUNTIF('VILLARREAL CF'!C3:C25,"") -> 12 | D22: =COUNTIF('VILLARREAL CF'!D3:D25,"X") -> 7 | E22: =SUMIF('VILLARREAL CF'!E3:E25,">"&0,'VILLARREAL CF'!E3:E25) -> 8 | F22: =SUM('VILLARREAL CF'!F3:F25) -> 0 | G22: =SUM('VILLARREAL CF'!G3:G25) -> 8
A23: ADN - LALIGA PRIME | B23: 15 | C23: =COUNTIF('ADN - LALIGA PRIME'!C3:C17,"") -> 7 | D23: =COUNTIF('ADN - LALIGA PRIME'!D3:D17,"X") -> 7 | E23: =SUMIF('ADN - LALIGA PRIME'!E3:E17,">"&0,'ADN - LALIGA PRIME'!E3:E17) -> 2 | F23: =SUM('ADN - LALIGA PRIME'!F3:F17) -> 0 | G23: =SUM('ADN - LALIGA PRIME'!G3:G17) -> 2
A24: LALIGA FANTASY | B24: 9 | C24: =COUNTIF('LALIGA FANTASY'!C3:C11,"") -> 4 | D24: =COUNTIF('LALIGA FANTASY'!D3:D11,"X") -> 4 | E24: =SUMIF('LALIGA FANTASY'!E3:E11,">"&0,'LALIGA FANTASY'!E3:E11) -> 0 | F24: =SUM('LALIGA FANTASY'!F3:F11) -> 0 | G24: =SUM('LALIGA FANTASY'!G3:G11) -> 0
A25: DRAFT 23 | B25: 23 | C25: =COUNTIF('DRAFT 23'!C3:C25,"") -> 9 | D25: =COUNTIF('DRAFT 23'!D3:D25,"X") -> 9 | E25: =SUMIF('DRAFT 23'!E3:E25,">"&0,'DRAFT 23'!E3:E25) -> 6 | F25: =SUM('DRAFT 23'!F3:F25) -> 0 | G25: =SUM('DRAFT 23'!G3:G25) -> 6
A26: DRAFT 23 KROMIX | B26: 23 | C26: =COUNTIF('DRAFT 23 KROMIX'!C3:C25,"") -> 6 | D26: =COUNTIF('DRAFT 23 KROMIX'!D3:D25,"X") -> 6 | E26: =SUMIF('DRAFT 23 KROMIX'!E3:E25,">"&0,'DRAFT 23 KROMIX'!E3:E25) -> 0 | F26: =SUM('DRAFT 23 KROMIX'!F3:F25) -> 0 | G26: =SUM('DRAFT 23 KROMIX'!G3:G25) -> 0
A27: EXTRA STICKERS | B27: 15 | C27: =COUNTIF('EXTRA STICKERS'!C3:C17,"") -> 13 | D27: =COUNTIF('EXTRA STICKERS'!D3:D17,"X") -> 0 | E27: =SUMIF('EXTRA STICKERS'!E3:E17,">"&0,'EXTRA STICKERS'!E3:E17) -> 0 | F27: =SUM('EXTRA STICKERS'!F3:F17) -> 0 | G27: =SUM('EXTRA STICKERS'!G3:G17) -> 0
A28: CHICLE LIGA 2627 | B28: 80 | C28: =COUNTIF('CHICLE LIGA 2627'!C3:C82,"") -> 80 | D28: =COUNTIF('CHICLE LIGA 2627'!D3:D82,"X") -> 0 | E28: =SUMIF('CHICLE LIGA 2627'!E3:E82,">"&0,'CHICLE LIGA 2627'!E3:E82) -> 0 | F28: =SUM('CHICLE LIGA 2627'!F3:F82) -> 0 | G28: =SUM('CHICLE LIGA 2627'!G3:G82) -> 0
A29: TOTAL | B29: =SUM(B3:B28) -> 574 | C29: =SUM(C3:C28) -> 299 | D29: =SUM(D3:D28) -> 144 | E29: =SUM(E3:E28) -> 128 | F29: =SUM(F3:F28) -> 0 | G29: =SUM(G3:G28) -> 128
A31: 📝 Pon X en "Tengo" cuando tengas el cromo. Vacío = falta. X en "Pedir" = necesitas conseguirlo. "Disponibles" se calcula solo (Repetidos − Enviados).

Sheet D. ALAVÉS
A1: D. ALAVÉS
A2: Nº | B2: Jugador / Cromo | C2: Tengo | D2: Pedir | E2: Repetidos | F2: Enviados | G2: Disponibles
A3: 1 | B3: Escudo | D3: X | G3: =MAX(0,IF(E3="",0,E3)-IF(F3="",0,F3)) -> 0
A4: 2 | B4: Quique Sánchez Flores (entrenador) | D4: X | G4: =MAX(0,IF(E4="",0,E4)-IF(F4="",0,F4)) -> 0
A5: 3 | B5: Sivera (portero) | C5: X | E5: 1 | G5: =MAX(0,IF(E5="",0,E5)-IF(F5="",0,F5)) -> 1
A6: 4 | G6: =MAX(0,IF(E6="",0,E6)-IF(F6="",0,F6)) -> 0
A7: 5 | B7: Jonny | C7: X | G7: =MAX(0,IF(E7="",0,E7)-IF(F7="",0,F7)) -> 0
A8: 6 | B8: Koski | C8: X | G8: =MAX(0,IF(E8="",0,E8)-IF(F8="",0,F8)) -> 0
A9: 7 | B9: Tenaglia | D9: X | G9: =MAX(0,IF(E9="",0,E9)-IF(F9="",0,F9)) -> 0
A10: 8 | B10: Parada | G10: =MAX(0,IF(E10="",0,E10)-IF(F10="",0,F10)) -> 0
A11: 9 | B11: Yusi | D11: X | G11: =MAX(0,IF(E11="",0,E11)-IF(F11="",0,F11)) -> 0
A12: 10 | G12: =MAX(0,IF(E12="",0,E12)-IF(F12="",0,F12)) -> 0
A13: 11 | B13: Benavidez | D13: X | G13: =MAX(0,IF(E13="",0,E13)-IF(F13="",0,F13)) -> 0
A14: 12 | B14: Blanco | C14: X | E14: 1 | G14: =MAX(0,IF(E14="",0,E14)-IF(F14="",0,F14)) -> 1
A15: 13 | B15: Guevara | D15: X | G15: =MAX(0,IF(E15="",0,E15)-IF(F15="",0,F15)) -> 0
A16: 14 | B16: Aleñá | C16: X | G16: =MAX(0,IF(E16="",0,E16)-IF(F16="",0,F16)) -> 0
A17: 15 | B17: Pablo Ibáñez | C17: X | G17: =MAX(0,IF(E17="",0,E17)-IF(F17="",0,F17)) -> 0
A18: 16 | B18: Denis Suárez | C18: X | E18: 1 | G18: =MAX(0,IF(E18="",0,E18)-IF(F18="",0,F18)) -> 1
A19: 17 | B19: Ángel Pérez | C19: X | E19: 2 | G19: =MAX(0,IF(E19="",0,E19)-IF(F19="",0,F19)) -> 2
A20: 18A | B20: Abde | E20: 1 | G20: =MAX(0,IF(E20="",0,E20)-IF(F20="",0,F20)) -> 1
A21: 18B | B21: Mañas | C21: X | G21: =MAX(0,IF(E21="",0,E21)-IF(F21="",0,F21)) -> 0
A22: 19 | B22: Toni Martínez | D22: X | G22: =MAX(0,IF(E22="",0,E22)-IF(F22="",0,F22)) -> 0
A23: 20 | B23: Boyé | C23: X | E23: 1 | G23: =MAX(0,IF(E23="",0,E23)-IF(F23="",0,F23)) -> 1

Sheet ATHLETIC CLUB
A1: ATHLETIC CLUB
A2: Nº | B2: Jugador / Cromo | C2: Tengo | D2: Pedir | E2: Repetidos | F2: Enviados | G2: Disponibles
A3: 1 | B3: Escudo | C3: X | G3: =MAX(0,IF(E3="",0,E3)-IF(F3="",0,F3)) -> 0
A4: 2 | B4: Edin Terzić (entrenador) | C4: X | E4: 1 | G4: =MAX(0,IF(E4="",0,E4)-IF(F4="",0,F4)) -> 1
A5: 3 | B5: Unai Simón (portero) | D5: X | G5: =MAX(0,IF(E5="",0,E5)-IF(F5="",0,F5)) -> 0
A6: 4 | B6: Padilla (portero) | C6: X | G6: =MAX(0,IF(E6="",0,E6)-IF(F6="",0,F6)) -> 0
A7: 5 | B7: Areso | C7: X | G7: =MAX(0,IF(E7="",0,E7)-IF(F7="",0,F7)) -> 0
A8: 6A | B8: Paredes | G8: =MAX(0,IF(E8="",0,E8)-IF(F8="",0,F8)) -> 0
A9: 6B | B9: Yeray | C9: X | G9: =MAX(0,IF(E9="",0,E9)-IF(F9="",0,F9)) -> 0
A10: 7 | B10: Vivian | C10: X | E10: 1 | G10: =MAX(0,IF(E10="",0,E10)-IF(F10="",0,F10)) -> 1
A11: 8 | B11: Laporte | C11: X | G11: =MAX(0,IF(E11="",0,E11)-IF(F11="",0,F11)) -> 0
A12: 9A | B12: Yuri | C12: X | G12: =MAX(0,IF(E12="",0,E12)-IF(F12="",0,F12)) -> 0
A13: 9B | B13: Adama Boiro | G13: =MAX(0,IF(E13="",0,E13)-IF(F13="",0,F13)) -> 0
A14: 10 | B14: Jauregizar | C14: X | G14: =MAX(0,IF(E14="",0,E14)-IF(F14="",0,F14)) -> 0
A15: 11 | B15: Ruiz de Galarreta | D15: X | G15: =MAX(0,IF(E15="",0,E15)-IF(F15="",0,F15)) -> 0
A16: 12 | B16: Rego | C16: X | G16: =MAX(0,IF(E16="",0,E16)-IF(F16="",0,F16)) -> 0
A17: 13 | B17: Unai Gómez | G17: =MAX(0,IF(E17="",0,E17)-IF(F17="",0,F17)) -> 0
A18: 14 | B18: Sancet | C18: X | G18: =MAX(0,IF(E18="",0,E18)-IF(F18="",0,F18)) -> 0
A19: 15 | B19: Nico Serrano | C19: X | G19: =MAX(0,IF(E19="",0,E19)-IF(F19="",0,F19)) -> 0
A20: 16 | B20: Berenguer | C20: X | E20: 1 | G20: =MAX(0,IF(E20="",0,E20)-IF(F20="",0,F20)) -> 1
A21: 17A | B21: Robert Navarro | E21: 1 | G21: =MAX(0,IF(E21="",0,E21)-IF(F21="",0,F21)) -> 1
A22: 17B | B22: Maroan | C22: X | G22: =MAX(0,IF(E22="",0,E22)-IF(F22="",0,F22)) -> 0
A23: 18 | B23: Nico Williams | C23: X | G23: =MAX(0,IF(E23="",0,E23)-IF(F23="",0,F23)) -> 0
A24: 19 | B24: Williams | D24: X | G24: =MAX(0,IF(E24="",0,E24)-IF(F24="",0,F24)) -> 0
A25: 20 | B25: Guruzeta | C25: X | G25: =MAX(0,IF(E25="",0,E25)-IF(F25="",0,F25)) -> 0

Sheet ATLÉTICO DE MADRID
A1: ATLÉTICO DE MADRID
A2: Nº | B2: Jugador / Cromo | C2: Tengo | D2: Pedir | E2: Repetidos | F2: Enviados | G2: Disponibles
A3: 1 | B3: Escudo | C3: X | G3: =MAX(0,IF(E3="",0,E3)-IF(F3="",0,F3)) -> 0
A4: 2 | B4: Diego Pablo Simeone (entrenador) | D4: X | G4: =MAX(0,IF(E4="",0,E4)-IF(F4="",0,F4)) -> 0
A5: 3 | B5: Oblak (portero) | C5: X | G5: =MAX(0,IF(E5="",0,E5)-IF(F5="",0,F5)) -> 0
A6: 4 | B6: Musso (portero) | D6: X | G6: =MAX(0,IF(E6="",0,E6)-IF(F6="",0,F6)) -> 0
A7: 5 | B7: Marcos Llorente | D7: X | G7: =MAX(0,IF(E7="",0,E7)-IF(F7="",0,F7)) -> 0
A8: 6 | B8: Nahuel Molina | G8: =MAX(0,IF(E8="",0,E8)-IF(F8="",0,F8)) -> 0
A9: 7 | B9: Pubill | C9: X | G9: =MAX(0,IF(E9="",0,E9)-IF(F9="",0,F9)) -> 0
A10: 8A | B10: Le Normand | C10: X | G10: =MAX(0,IF(E10="",0,E10)-IF(F10="",0,F10)) -> 0
A11: 8B | B11: Giménez | E11: 1 | G11: =MAX(0,IF(E11="",0,E11)-IF(F11="",0,F11)) -> 1
A12: 9 | B12: Hancko | C12: X | G12: =MAX(0,IF(E12="",0,E12)-IF(F12="",0,F12)) -> 0
A13: 10 | B13: Ruggeri | G13: =MAX(0,IF(E13="",0,E13)-IF(F13="",0,F13)) -> 0
A14: 11 | B14: Koke | D14: X | G14: =MAX(0,IF(E14="",0,E14)-IF(F14="",0,F14)) -> 0
A15: 12 | B15: Barrios | C15: X | E15: 1 | G15: =MAX(0,IF(E15="",0,E15)-IF(F15="",0,F15)) -> 1
A16: 13 | B16: Johnny Cardoso | C16: X | G16: =MAX(0,IF(E16="",0,E16)-IF(F16="",0,F16)) -> 0
A17: 14A | B17: Rodri Mendoza | C17: X | E17: 2 | G17: =MAX(0,IF(E17="",0,E17)-IF(F17="",0,F17)) -> 2
A18: 14B | B18: Obed Vargas | E18: 2 | G18: =MAX(0,IF(E18="",0,E18)-IF(F18="",0,F18)) -> 2
A19: 15 | B19: Álex Baena | C19: X | G19: =MAX(0,IF(E19="",0,E19)-IF(F19="",0,F19)) -> 0
A20: 16 | B20: Almada | G20: =MAX(0,IF(E20="",0,E20)-IF(F20="",0,F20)) -> 0
A21: 17 | B21: Giuliano | D21: X | G21: =MAX(0,IF(E21="",0,E21)-IF(F21="",0,F21)) -> 0
A22: 18 | B22: Lookman | C22: X | G22: =MAX(0,IF(E22="",0,E22)-IF(F22="",0,F22)) -> 0
A23: 19 | B23: Sørloth | D23: X | G23: =MAX(0,IF(E23="",0,E23)-IF(F23="",0,F23)) -> 0
A24: 20 | B24: Julián Álvarez | C24: X | G24: =MAX(0,IF(E24="",0,E24)-IF(F24="",0,F24)) -> 0

Sheet FC BARCELONA
A1: FC BARCELONA
A2: Nº | B2: Jugador / Cromo | C2: Tengo | D2: Pedir | E2: Repetidos | F2: Enviados | G2: Disponibles
A3: 1 | B3: Escudo | C3: X | G3: =MAX(0,IF(E3="",0,E3)-IF(F3="",0,F3)) -> 0
A4: 2 | B4: Hansi Flick (entrenador) | C4: X | G4: =MAX(0,IF(E4="",0,E4)-IF(F4="",0,F4)) -> 0
A5: 3 | B5: Joan García (portero) | C5: X | G5: =MAX(0,IF(E5="",0,E5)-IF(F5="",0,F5)) -> 0
A6: 4 | B6: Szczęsny (portero) | D6: X | G6: =MAX(0,IF(E6="",0,E6)-IF(F6="",0,F6)) -> 0
A7: 5 | B7: Koundé | C7: X | G7: =MAX(0,IF(E7="",0,E7)-IF(F7="",0,F7)) -> 0
A8: 6A | B8: Araujo | E8: 1 | G8: =MAX(0,IF(E8="",0,E8)-IF(F8="",0,F8)) -> 1
A9: 6B | B9: Christensen | D9: X | G9: =MAX(0,IF(E9="",0,E9)-IF(F9="",0,F9)) -> 0
A10: 7 | B10: Cubarsí | C10: X | G10: =MAX(0,IF(E10="",0,E10)-IF(F10="",0,F10)) -> 0
A11: 8 | B11: Gerard Martín | D11: X | G11: =MAX(0,IF(E11="",0,E11)-IF(F11="",0,F11)) -> 0
A12: 9 | B12: João Cancelo | D12: X | G12: =MAX(0,IF(E12="",0,E12)-IF(F12="",0,F12)) -> 0
A13: 10 | B13: Balde | C13: X | E13: 1 | G13: =MAX(0,IF(E13="",0,E13)-IF(F13="",0,F13)) -> 1
A14: 11 | B14: Eric García | C14: X | E14: 2 | G14: =MAX(0,IF(E14="",0,E14)-IF(F14="",0,F14)) -> 2
A15: 12 | B15: De Jong | C15: X | E15: 1 | G15: =MAX(0,IF(E15="",0,E15)-IF(F15="",0,F15)) -> 1
A16: 13 | B16: Gavi | C16: X | G16: =MAX(0,IF(E16="",0,E16)-IF(F16="",0,F16)) -> 0
A17: 14 | B17: Bernal | C17: X | G17: =MAX(0,IF(E17="",0,E17)-IF(F17="",0,F17)) -> 0
A18: 15 | B18: Pedri | D18: X | G18: =MAX(0,IF(E18="",0,E18)-IF(F18="",0,F18)) -> 0
A19: 16 | B19: Fermín | C19: X | G19: =MAX(0,IF(E19="",0,E19)-IF(F19="",0,F19)) -> 0
A20: 17 | B20: Dani Olmo | C20: X | G20: =MAX(0,IF(E20="",0,E20)-IF(F20="",0,F20)) -> 0
A21: 18 | B21: Ferran Torres | E21: 2 | G21: =MAX(0,IF(E21="",0,E21)-IF(F21="",0,F21)) -> 2
A22: 19 | B22: Raphinha | C22: X | G22: =MAX(0,IF(E22="",0,E22)-IF(F22="",0,F22)) -> 0
A23: 20 | B23: Lamine Yamal | C23: X | G23: =MAX(0,IF(E23="",0,E23)-IF(F23="",0,F23)) -> 0

Sheet REAL BETIS
A1: REAL BETIS
A2: Nº | B2: Jugador / Cromo | C2: Tengo | D2: Pedir | E2: Repetidos | F2: Enviados | G2: Disponibles
A3: 1 | B3: Escudo | D3: X | G3: =MAX(0,IF(E3="",0,E3)-IF(F3="",0,F3)) -> 0
A4: 2 | B4: Manuel Pellegrini (entrenador) | D4: X | G4: =MAX(0,IF(E4="",0,E4)-IF(F4="",0,F4)) -> 0
A5: 3 | B5: Valles (portero) | D5: X | G5: =MAX(0,IF(E5="",0,E5)-IF(F5="",0,F5)) -> 0
A6: 4 | B6: Diego Conde | D6: X | G6: =MAX(0,IF(E6="",0,E6)-IF(F6="",0,F6)) -> 0
A7: 5A | B7: Aitor Ruibal | G7: =MAX(0,IF(E7="",0,E7)-IF(F7="",0,F7)) -> 0
A8: 5B | B8: Bellerín | C8: X | E8: 1 | G8: =MAX(0,IF(E8="",0,E8)-IF(F8="",0,F8)) -> 1
A9: 6 | B9: Diego Llorente | D9: X | G9: =MAX(0,IF(E9="",0,E9)-IF(F9="",0,F9)) -> 0
A10: 7 | B10: Bartra | C10: X | G10: =MAX(0,IF(E10="",0,E10)-IF(F10="",0,F10)) -> 0
A11: 8 | B11: Natan | C11: X | E11: 2 | G11: =MAX(0,IF(E11="",0,E11)-IF(F11="",0,F11)) -> 2
A12: 9 | B12: Valentín Gómez | C12: X | G12: =MAX(0,IF(E12="",0,E12)-IF(F12="",0,F12)) -> 0
A13: 10 | B13: Marc Roca | D13: X | G13: =MAX(0,IF(E13="",0,E13)-IF(F13="",0,F13)) -> 0
A14: 11 | B14: Amrabat | E14: 1 | G14: =MAX(0,IF(E14="",0,E14)-IF(F14="",0,F14)) -> 1
A15: 12 | B15: Fidalgo | C15: X | G15: =MAX(0,IF(E15="",0,E15)-IF(F15="",0,F15)) -> 0
A16: 13 | B16: Facundo Bernal | D16: X | G16: =MAX(0,IF(E16="",0,E16)-IF(F16="",0,F16)) -> 0
A17: 14 | B17: Lo Celso | C17: X | E17: 1 | G17: =MAX(0,IF(E17="",0,E17)-IF(F17="",0,F17)) -> 1
A18: 15 | B18: Pablo Fornals | C18: X | G18: =MAX(0,IF(E18="",0,E18)-IF(F18="",0,F18)) -> 0
A19: 16 | B19: Isco | C19: X | E19: 1 | G19: =MAX(0,IF(E19="",0,E19)-IF(F19="",0,F19)) -> 1
A20: 17 | B20: Riquelme | C20: X | G20: =MAX(0,IF(E20="",0,E20)-IF(F20="",0,F20)) -> 0
A21: 18 | B21: Antony | C21: X | G21: =MAX(0,IF(E21="",0,E21)-IF(F21="",0,F21)) -> 0
A22: 19 | B22: Cucho Hernández | C22: X | G22: =MAX(0,IF(E22="",0,E22)-IF(F22="",0,F22)) -> 0
A23: 20 | B23: Abde | C23: X | G23: =MAX(0,IF(E23="",0,E23)-IF(F23="",0,F23)) -> 0

Sheet RC CELTA DE VIGO
A1: RC CELTA DE VIGO
A2: Nº | B2: Jugador / Cromo | C2: Tengo | D2: Pedir | E2: Repetidos | F2: Enviados | G2: Disponibles
A3: 1 | B3: Escudo | D3: X | G3: =MAX(0,IF(E3="",0,E3)-IF(F3="",0,F3)) -> 0
A4: 2 | B4: Claudio Giráldez (entrenador) | D4: X | G4: =MAX(0,IF(E4="",0,E4)-IF(F4="",0,F4)) -> 0
A5: 3 | B5: Radu (portero) | D5: X | G5: =MAX(0,IF(E5="",0,E5)-IF(F5="",0,F5)) -> 0
A6: 4 | B6: Iván Villar (portero) | E6: 1 | G6: =MAX(0,IF(E6="",0,E6)-IF(F6="",0,F6)) -> 1
A7: 5 | B7: Álvaro Núñez | D7: X | G7: =MAX(0,IF(E7="",0,E7)-IF(F7="",0,F7)) -> 0
A8: 6 | B8: Javi Rueda | C8: X | G8: =MAX(0,IF(E8="",0,E8)-IF(F8="",0,F8)) -> 0
A9: 7 | B9: Javi Rodríguez | C9: X | E9: 1 | G9: =MAX(0,IF(E9="",0,E9)-IF(F9="",0,F9)) -> 1
A10: 8 | B10: Starfelt | C10: X | G10: =MAX(0,IF(E10="",0,E10)-IF(F10="",0,F10)) -> 0
A11: 9A | B11: Marcos Alonso | C11: X | G11: =MAX(0,IF(E11="",0,E11)-IF(F11="",0,F11)) -> 0
A12: 9B | B12: Yoel Lago | E12: 1 | G12: =MAX(0,IF(E12="",0,E12)-IF(F12="",0,F12)) -> 1
A13: 10 | B13: Carreira | C13: X | G13: =MAX(0,IF(E13="",0,E13)-IF(F13="",0,F13)) -> 0
A14: 11 | B14: Ilaix Moriba | D14: X | G14: =MAX(0,IF(E14="",0,E14)-IF(F14="",0,F14)) -> 0
A15: 12 | B15: Miguel Román | C15: X | G15: =MAX(0,IF(E15="",0,E15)-IF(F15="",0,F15)) -> 0
A16: 13 | B16: Hugo Álvarez | C16: X | E16: 1 | G16: =MAX(0,IF(E16="",0,E16)-IF(F16="",0,F16)) -> 1
A17: 14 | B17: Sotelo | C17: X | G17: =MAX(0,IF(E17="",0,E17)-IF(F17="",0,F17)) -> 0
A18: 15 | B18: Fer López | G18: =MAX(0,IF(E18="",0,E18)-IF(F18="",0,F18)) -> 0
A19: 16 | B19: Swedberg | D19: X | G19: =MAX(0,IF(E19="",0,E19)-IF(F19="",0,F19)) -> 0
A20: 17 | B20: Iago Aspas | D20: X | G20: =MAX(0,IF(E20="",0,E20)-IF(F20="",0,F20)) -> 0
A21: 18A | B21: Pablo Durán | C21: X | E21: 2 | G21: =MAX(0,IF(E21="",0,E21)-IF(F21="",0,F21)) -> 2
A22: 18B | B22: El-Abdellaoui | G22: =MAX(0,IF(E22="",0,E22)-IF(F22="",0,F22)) -> 0
A23: 19 | B23: Jutglà | C23: X | E23: 2 | G23: =MAX(0,IF(E23="",0,E23)-IF(F23="",0,F23)) -> 2
A24: 20 | B24: Borja Iglesias | D24: X | G24: =MAX(0,IF(E24="",0,E24)-IF(F24="",0,F24)) -> 0

Sheet RC DEPORTIVO
A1: RC DEPORTIVO
A2: Nº | B2: Jugador / Cromo | C2: Tengo | D2: Pedir | E2: Repetidos | F2: Enviados | G2: Disponibles
A3: 1 | B3: Escudo | C3: X | E3: 1 | G3: =MAX(0,IF(E3="",0,E3)-IF(F3="",0,F3)) -> 1
A4: 2 | B4: Antonio Hidalgo (entrenador) | C4: X | G4: =MAX(0,IF(E4="",0,E4)-IF(F4="",0,F4)) -> 0
A5: 3 | B5: Álvaro Fernández (portero) | C5: X | G5: =MAX(0,IF(E5="",0,E5)-IF(F5="",0,F5)) -> 0
A6: 4 | B6: Germán Parreño (portero) | C6: X | G6: =MAX(0,IF(E6="",0,E6)-IF(F6="",0,F6)) -> 0
A7: 5 | B7: Adrià Altimira | D7: X | G7: =MAX(0,IF(E7="",0,E7)-IF(F7="",0,F7)) -> 0
A8: 6 | B8: Loureiro | D8: X | G8: =MAX(0,IF(E8="",0,E8)-IF(F8="",0,F8)) -> 0
A9: 7 | B9: Noubi | C9: X | E9: 1 | G9: =MAX(0,IF(E9="",0,E9)-IF(F9="",0,F9)) -> 1
A10: 8 | B10: Dani Barcia | C10: X | E10: 1 | G10: =MAX(0,IF(E10="",0,E10)-IF(F10="",0,F10)) -> 1
A11: 9A | B11: Ximo Navarro | D11: X | G11: =MAX(0,IF(E11="",0,E11)-IF(F11="",0,F11)) -> 0
A12: 9B | B12: Arnau Comas | G12: =MAX(0,IF(E12="",0,E12)-IF(F12="",0,F12)) -> 0
A13: 10 | B13: Quagliata | C13: X | G13: =MAX(0,IF(E13="",0,E13)-IF(F13="",0,F13)) -> 0
A14: 11 | B14: Villares | C14: X | G14: =MAX(0,IF(E14="",0,E14)-IF(F14="",0,F14)) -> 0
A15: 12 | B15: Riki | C15: X | G15: =MAX(0,IF(E15="",0,E15)-IF(F15="",0,F15)) -> 0
A16: 13 | B16: Mario Soriano | C16: X | G16: =MAX(0,IF(E16="",0,E16)-IF(F16="",0,F16)) -> 0
A17: 14 | B17: José Ángel | C17: X | G17: =MAX(0,IF(E17="",0,E17)-IF(F17="",0,F17)) -> 0
A18: 15 | B18: Luismi Cruz | C18: X | G18: =MAX(0,IF(E18="",0,E18)-IF(F18="",0,F18)) -> 0
A19: 16 | B19: Mella | D19: X | G19: =MAX(0,IF(E19="",0,E19)-IF(F19="",0,F19)) -> 0
A20: 17 | G20: =MAX(0,IF(E20="",0,E20)-IF(F20="",0,F20)) -> 0
A21: 18 | B21: Yeremay | D21: X | G21: =MAX(0,IF(E21="",0,E21)-IF(F21="",0,F21)) -> 0
A22: 19 | B22: Eddahchouri | D22: X | G22: =MAX(0,IF(E22="",0,E22)-IF(F22="",0,F22)) -> 0
A23: 20 | B23: Nsongo | C23: X | E23: 2 | G23: =MAX(0,IF(E23="",0,E23)-IF(F23="",0,F23)) -> 2

Sheet ELCHE CF
A1: ELCHE CF
A2: Nº | B2: Jugador / Cromo | C2: Tengo | D2: Pedir | E2: Repetidos | F2: Enviados | G2: Disponibles
A3: 1 | B3: Escudo | C3: X | G3: =MAX(0,IF(E3="",0,E3)-IF(F3="",0,F3)) -> 0
A4: 2 | B4: Martin Anselmi (entrenador) | D4: X | G4: =MAX(0,IF(E4="",0,E4)-IF(F4="",0,F4)) -> 0
A5: 3 | B5: Dituro (portero) | C5: X | G5: =MAX(0,IF(E5="",0,E5)-IF(F5="",0,F5)) -> 0
A6: 4 | B6: Iturbe | D6: X | G6: =MAX(0,IF(E6="",0,E6)-IF(F6="",0,F6)) -> 0
A7: 5 | B7: Pétrot | G7: =MAX(0,IF(E7="",0,E7)-IF(F7="",0,F7)) -> 0
A8: 6 | B8: Chust | C8: X | G8: =MAX(0,IF(E8="",0,E8)-IF(F8="",0,F8)) -> 0
A9: 7 | B9: Bigas | C9: X | G9: =MAX(0,IF(E9="",0,E9)-IF(F9="",0,F9)) -> 0
A10: 8 | B10: Affengruber | G10: =MAX(0,IF(E10="",0,E10)-IF(F10="",0,F10)) -> 0
A11: 9A | B11: Pedrosa | E11: 1 | G11: =MAX(0,IF(E11="",0,E11)-IF(F11="",0,F11)) -> 1
A12: 9B | B12: Sangaré | C12: X | G12: =MAX(0,IF(E12="",0,E12)-IF(F12="",0,F12)) -> 0
A13: 10 | B13: Germán Valera | C13: X | E13: 1 | G13: =MAX(0,IF(E13="",0,E13)-IF(F13="",0,F13)) -> 1
A14: 11 | B14: Martim Neto | C14: X | E14: 1 | G14: =MAX(0,IF(E14="",0,E14)-IF(F14="",0,F14)) -> 1
A15: 12 | B15: Gonzalo Villar | C15: X | G15: =MAX(0,IF(E15="",0,E15)-IF(F15="",0,F15)) -> 0
A16: 13A | B16: Fede Redondo | C16: X | E16: 1 | G16: =MAX(0,IF(E16="",0,E16)-IF(F16="",0,F16)) -> 1
A17: 13B | B17: Jon Chetauya | G17: =MAX(0,IF(E17="",0,E17)-IF(F17="",0,F17)) -> 0
A18: 14 | B18: Marc Aguado | C18: X | E18: 1 | G18: =MAX(0,IF(E18="",0,E18)-IF(F18="",0,F18)) -> 1
A19: 15 | B19: Josan | D19: X | G19: =MAX(0,IF(E19="",0,E19)-IF(F19="",0,F19)) -> 0
A20: 16 | B20: Morente | C20: X | E20: 1 | G20: =MAX(0,IF(E20="",0,E20)-IF(F20="",0,F20)) -> 1
A21: 17 | B21: Ali Houary | D21: X | G21: =MAX(0,IF(E21="",0,E21)-IF(F21="",0,F21)) -> 0
A22: 18 | B22: Cepeda | D22: X | G22: =MAX(0,IF(E22="",0,E22)-IF(F22="",0,F22)) -> 0
A23: 19 | B23: Diangana | C23: X | G23: =MAX(0,IF(E23="",0,E23)-IF(F23="",0,F23)) -> 0
A24: 20 | B24: Yago Santiago | C24: X | G24: =MAX(0,IF(E24="",0,E24)-IF(F24="",0,F24)) -> 0

Sheet RCD ESPANYOL
A1: RCD ESPANYOL
A2: Nº | B2: Jugador / Cromo | C2: Tengo | D2: Pedir | E2: Repetidos | F2: Enviados | G2: Disponibles
A3: 1 | B3: Escudo | C3: X | E3: 1 | G3: =MAX(0,IF(E3="",0,E3)-IF(F3="",0,F3)) -> 1
A4: 2 | B4: Manolo González (entrenador) | C4: X | G4: =MAX(0,IF(E4="",0,E4)-IF(F4="",0,F4)) -> 0
A5: 3 | B5: Dmitrović (portero) | C5: X | G5: =MAX(0,IF(E5="",0,E5)-IF(F5="",0,F5)) -> 0
A6: 4 | B6: Fortuño (portero) | C6: X | G6: =MAX(0,IF(E6="",0,E6)-IF(F6="",0,F6)) -> 0
A7: 5 | B7: El Hilali | D7: X | G7: =MAX(0,IF(E7="",0,E7)-IF(F7="",0,F7)) -> 0
A8: 6 | B8: Rubén Sánchez | C8: X | E8: 1 | G8: =MAX(0,IF(E8="",0,E8)-IF(F8="",0,F8)) -> 1
A9: 7 | B9: Riedel | C9: X | G9: =MAX(0,IF(E9="",0,E9)-IF(F9="",0,F9)) -> 0
A10: 8 | B10: Cabrera | C10: X | G10: =MAX(0,IF(E10="",0,E10)-IF(F10="",0,F10)) -> 0
A11: 9 | B11: Miguel Rubio | E11: 1 | G11: =MAX(0,IF(E11="",0,E11)-IF(F11="",0,F11)) -> 1
A12: 10 | B12: Hartman | D12: X | G12: =MAX(0,IF(E12="",0,E12)-IF(F12="",0,F12)) -> 0
A13: 11 | B13: Pol Lozano | D13: X | G13: =MAX(0,IF(E13="",0,E13)-IF(F13="",0,F13)) -> 0
A14: 12 | B14: Urko | C14: X | G14: =MAX(0,IF(E14="",0,E14)-IF(F14="",0,F14)) -> 0
A15: 13 | B15: Edu Expósito | C15: X | E15: 1 | G15: =MAX(0,IF(E15="",0,E15)-IF(F15="",0,F15)) -> 1
A16: 14 | B16: Jofre | C16: X | G16: =MAX(0,IF(E16="",0,E16)-IF(F16="",0,F16)) -> 0
A17: 15 | B17: Marcos Fernandez | D17: X | G17: =MAX(0,IF(E17="",0,E17)-IF(F17="",0,F17)) -> 0
A18: 16 | B18: Dolan | C18: X | G18: =MAX(0,IF(E18="",0,E18)-IF(F18="",0,F18)) -> 0
A19: 17 | B19: Pere Milla | D19: X | G19: =MAX(0,IF(E19="",0,E19)-IF(F19="",0,F19)) -> 0
A20: 18 | B20: Puado | C20: X | G20: =MAX(0,IF(E20="",0,E20)-IF(F20="",0,F20)) -> 0
A21: 19 | B21: Kike García | C21: X | E21: 1 | G21: =MAX(0,IF(E21="",0,E21)-IF(F21="",0,F21)) -> 1
A22: 20 | B22: Roberto Fernández | C22: X | G22: =MAX(0,IF(E22="",0,E22)-IF(F22="",0,F22)) -> 0

Sheet GETAFE CF
A1: GETAFE CF
A2: Nº | B2: Jugador / Cromo | C2: Tengo | D2: Pedir | E2: Repetidos | F2: Enviados | G2: Disponibles
A3: 1 | B3: Escudo | D3: X | G3: =MAX(0,IF(E3="",0,E3)-IF(F3="",0,F3)) -> 0
A4: 2 | B4: José Bordalás (entrenador) | C4: X | G4: =MAX(0,IF(E4="",0,E4)-IF(F4="",0,F4)) -> 0
A5: 3 | B5: David Soria (portero) | D5: X | G5: =MAX(0,IF(E5="",0,E5)-IF(F5="",0,F5)) -> 0
A6: 4 | B6: Letáček (portero) | C6: X | G6: =MAX(0,IF(E6="",0,E6)-IF(F6="",0,F6)) -> 0
A7: 5 | B7: Kiko Femenía | C7: X | E7: 3 | G7: =MAX(0,IF(E7="",0,E7)-IF(F7="",0,F7)) -> 3
A8: 6 | B8: Djené | C8: X | G8: =MAX(0,IF(E8="",0,E8)-IF(F8="",0,F8)) -> 0
A9: 7 | B9: Boselli | C9: X | G9: =MAX(0,IF(E9="",0,E9)-IF(F9="",0,F9)) -> 0
A10: 8 | B10: Abqar | C10: X | G10: =MAX(0,IF(E10="",0,E10)-IF(F10="",0,F10)) -> 0
A11: 9 | B11: Zaid Romero | D11: X | G11: =MAX(0,IF(E11="",0,E11)-IF(F11="",0,F11)) -> 0
A12: 10 | B12: Davinchi | C12: X | G12: =MAX(0,IF(E12="",0,E12)-IF(F12="",0,F12)) -> 0
A13: 11 | B13: Mario Martín | C13: X | G13: =MAX(0,IF(E13="",0,E13)-IF(F13="",0,F13)) -> 0
A14: 12 | B14: Javi Muñoz | C14: X | G14: =MAX(0,IF(E14="",0,E14)-IF(F14="",0,F14)) -> 0
A15: 13 | D15: X | G15: =MAX(0,IF(E15="",0,E15)-IF(F15="",0,F15)) -> 0
A16: 14 | B16: Terrats | D16: X | G16: =MAX(0,IF(E16="",0,E16)-IF(F16="",0,F16)) -> 0
A17: 15 | D17: X | G17: =MAX(0,IF(E17="",0,E17)-IF(F17="",0,F17)) -> 0
A18: 16 | B18: Juanmi | D18: X | G18: =MAX(0,IF(E18="",0,E18)-IF(F18="",0,F18)) -> 0
A19: 17 | B19: Álex Sancris | E19: 1 | G19: =MAX(0,IF(E19="",0,E19)-IF(F19="",0,F19)) -> 1
A20: 18 | B20: Borja Mayoral | D20: X | G20: =MAX(0,IF(E20="",0,E20)-IF(F20="",0,F20)) -> 0
A21: 19 | B21: Luis Vázquez | E21: 1 | G21: =MAX(0,IF(E21="",0,E21)-IF(F21="",0,F21)) -> 1
A22: 20 | B22: Satriano | C22: X | G22: =MAX(0,IF(E22="",0,E22)-IF(F22="",0,F22)) -> 0

Sheet LEVANTE UD
A1: LEVANTE UD
A2: Nº | B2: Jugador / Cromo | C2: Tengo | D2: Pedir | E2: Repetidos | F2: Enviados | G2: Disponibles
A3: 1 | B3: Escudo | D3: X | G3: =MAX(0,IF(E3="",0,E3)-IF(F3="",0,F3)) -> 0
A4: 2 | B4: Luís Castro (entrenador) | D4: X | G4: =MAX(0,IF(E4="",0,E4)-IF(F4="",0,F4)) -> 0
A5: 3 | B5: Ryan (portero) | C5: X | G5: =MAX(0,IF(E5="",0,E5)-IF(F5="",0,F5)) -> 0
A6: 4 | B6: Pablo Campos (portero) | D6: X | G6: =MAX(0,IF(E6="",0,E6)-IF(F6="",0,F6)) -> 0
A7: 5 | B7: Toljan | C7: X | E7: 1 | G7: =MAX(0,IF(E7="",0,E7)-IF(F7="",0,F7)) -> 1
A8: 6 | B8: Elgezabal | E8: 1 | G8: =MAX(0,IF(E8="",0,E8)-IF(F8="",0,F8)) -> 1
A9: 7 | B9: Dela | D9: X | G9: =MAX(0,IF(E9="",0,E9)-IF(F9="",0,F9)) -> 0
A10: 8 | B10: Mandi | D10: X | G10: =MAX(0,IF(E10="",0,E10)-IF(F10="",0,F10)) -> 0
A11: 9 | B11: Manu Sánchez | C11: X | E11: 2 | G11: =MAX(0,IF(E11="",0,E11)-IF(F11="",0,F11)) -> 2
A12: 10 | B12: Arriaga | E12: 1 | G12: =MAX(0,IF(E12="",0,E12)-IF(F12="",0,F12)) -> 1
A13: 11 | B13: Oriol Rey | C13: X | E13: 1 | G13: =MAX(0,IF(E13="",0,E13)-IF(F13="",0,F13)) -> 1
A14: 12 | B14: Olasagasti | C14: X | E14: 1 | G14: =MAX(0,IF(E14="",0,E14)-IF(F14="",0,F14)) -> 1
A15: 13 | B15: Dani Requena | D15: X | G15: =MAX(0,IF(E15="",0,E15)-IF(F15="",0,F15)) -> 0
A16: 14A | B16: Víctor García | G16: =MAX(0,IF(E16="",0,E16)-IF(F16="",0,F16)) -> 0
A17: 14B | B17: Paco Cortés | C17: X | G17: =MAX(0,IF(E17="",0,E17)-IF(F17="",0,F17)) -> 0
A18: 15 | B18: Carlos Álvarez | D18: X | G18: =MAX(0,IF(E18="",0,E18)-IF(F18="",0,F18)) -> 0
A19: 16 | B19: Tunde | G19: =MAX(0,IF(E19="",0,E19)-IF(F19="",0,F19)) -> 0
A20: 17 | B20: Brugué | C20: X | E20: 2 | G20: =MAX(0,IF(E20="",0,E20)-IF(F20="",0,F20)) -> 2
A21: 18 | B21: Iván Romero | C21: X | G21: =MAX(0,IF(E21="",0,E21)-IF(F21="",0,F21)) -> 0
A22: 19 | B22: Etta Eyong | C22: X | E22: 1 | G22: =MAX(0,IF(E22="",0,E22)-IF(F22="",0,F22)) -> 1
A23: 20 | B23: Musuayi | D23: X | G23: =MAX(0,IF(E23="",0,E23)-IF(F23="",0,F23)) -> 0

Sheet REAL MADRID CF
A1: REAL MADRID CF
A2: Nº | B2: Jugador / Cromo | C2: Tengo | D2: Pedir | E2: Repetidos | F2: Enviados | G2: Disponibles
A3: 1 | B3: Escudo | C3: X | E3: 2 | G3: =MAX(0,IF(E3="",0,E3)-IF(F3="",0,F3)) -> 2
A4: 2 | B4: José Mourinho (entrenador) | C4: X | G4: =MAX(0,IF(E4="",0,E4)-IF(F4="",0,F4)) -> 0
A5: 3 | B5: Courtois (portero) | C5: X | E5: 1 | G5: =MAX(0,IF(E5="",0,E5)-IF(F5="",0,F5)) -> 1
A6: 4 | B6: Lunin (portero) | D6: X | G6: =MAX(0,IF(E6="",0,E6)-IF(F6="",0,F6)) -> 0
A7: 5 | B7: Trent | C7: X | G7: =MAX(0,IF(E7="",0,E7)-IF(F7="",0,F7)) -> 0
A8: 6 | B8: Militão | C8: X | E8: 1 | G8: =MAX(0,IF(E8="",0,E8)-IF(F8="",0,F8)) -> 1
A9: 7 | B9: Asencio | C9: X | G9: =MAX(0,IF(E9="",0,E9)-IF(F9="",0,F9)) -> 0
A10: 8 | B10: Rüdiger | D10: X | G10: =MAX(0,IF(E10="",0,E10)-IF(F10="",0,F10)) -> 0
A11: 9 | B11: Huijsen | C11: X | G11: =MAX(0,IF(E11="",0,E11)-IF(F11="",0,F11)) -> 0
A12: 10A | B12: Carreras | C12: X | G12: =MAX(0,IF(E12="",0,E12)-IF(F12="",0,F12)) -> 0
A13: 10B | B13: Mendy | E13: 1 | G13: =MAX(0,IF(E13="",0,E13)-IF(F13="",0,F13)) -> 1
A14: 11 | B14: Tchouaméni | C14: X | G14: =MAX(0,IF(E14="",0,E14)-IF(F14="",0,F14)) -> 0
A15: 12 | B15: Fede Valverde | D15: X | G15: =MAX(0,IF(E15="",0,E15)-IF(F15="",0,F15)) -> 0
A16: 13 | B16: Camavinga | C16: X | G16: =MAX(0,IF(E16="",0,E16)-IF(F16="",0,F16)) -> 0
A17: 14 | B17: Bellingham | D17: X | G17: =MAX(0,IF(E17="",0,E17)-IF(F17="",0,F17)) -> 0
A18: 15A | B18: Güler | C18: X | E18: 1 | G18: =MAX(0,IF(E18="",0,E18)-IF(F18="",0,F18)) -> 1
A19: 15B | B19: Thiago Pitarch | E19: 1 | G19: =MAX(0,IF(E19="",0,E19)-IF(F19="",0,F19)) -> 1
A20: 16A | B20: Mastantuono | E20: 1 | G20: =MAX(0,IF(E20="",0,E20)-IF(F20="",0,F20)) -> 1
A21: 16B | B21: Brahim Díaz | C21: X | E21: 1 | G21: =MAX(0,IF(E21="",0,E21)-IF(F21="",0,F21)) -> 1
A22: 17 | B22: Gonzalo | E22: 2 | G22: =MAX(0,IF(E22="",0,E22)-IF(F22="",0,F22)) -> 2
A23: 18 | B23: Rodrygo | C23: X | G23: =MAX(0,IF(E23="",0,E23)-IF(F23="",0,F23)) -> 0
A24: 19 | B24: Vinícius | C24: X | E24: 2 | G24: =MAX(0,IF(E24="",0,E24)-IF(F24="",0,F24)) -> 2
A25: 20 | B25: Mbappé | C25: X | E25: 2 | G25: =MAX(0,IF(E25="",0,E25)-IF(F25="",0,F25)) -> 2

Sheet MÁLAGA CF
A1: MÁLAGA CF
A2: Nº | B2: Jugador / Cromo | C2: Tengo | D2: Pedir | E2: Repetidos | F2: Enviados | G2: Disponibles
A3: 1 | B3: Escudo | C3: X | G3: =MAX(0,IF(E3="",0,E3)-IF(F3="",0,F3)) -> 0
A4: 2 | B4: Juan Francisco Funes (entrenador) | C4: X | G4: =MAX(0,IF(E4="",0,E4)-IF(F4="",0,F4)) -> 0
A5: 3 | B5: Alfonso Herrero (portero) | C5: X | G5: =MAX(0,IF(E5="",0,E5)-IF(F5="",0,F5)) -> 0
A6: 4 | B6: Carlos López (portero) | C6: X | G6: =MAX(0,IF(E6="",0,E6)-IF(F6="",0,F6)) -> 0
A7: 5 | B7: Puga | C7: X | G7: =MAX(0,IF(E7="",0,E7)-IF(F7="",0,F7)) -> 0
A8: 6 | B8: Murillo | C8: X | E8: 1 | G8: =MAX(0,IF(E8="",0,E8)-IF(F8="",0,F8)) -> 1
A9: 7 | B9: Calero | D9: X | G9: =MAX(0,IF(E9="",0,E9)-IF(F9="",0,F9)) -> 0
A10: 8 | B10: Einar Galilea | C10: X | E10: 1 | G10: =MAX(0,IF(E10="",0,E10)-IF(F10="",0,F10)) -> 1
A11: 9 | B11: Rafita | C11: X | G11: =MAX(0,IF(E11="",0,E11)-IF(F11="",0,F11)) -> 0
A12: 10 | B12: Salinas | D12: X | G12: =MAX(0,IF(E12="",0,E12)-IF(F12="",0,F12)) -> 0
A13: 11 | B13: Izan Merino | D13: X | G13: =MAX(0,IF(E13="",0,E13)-IF(F13="",0,F13)) -> 0
A14: 12 | B14: Dani Lorenzo | C14: X | G14: =MAX(0,IF(E14="",0,E14)-IF(F14="",0,F14)) -> 0
A15: 13A | B15: Rafa Rodríguez | D15: X | G15: =MAX(0,IF(E15="",0,E15)-IF(F15="",0,F15)) -> 0
A16: 13B | B16: Juanpe | E16: 1 | G16: =MAX(0,IF(E16="",0,E16)-IF(F16="",0,F16)) -> 1
A17: 14 | B17: Dotor | D17: X | G17: =MAX(0,IF(E17="",0,E17)-IF(F17="",0,F17)) -> 0
A18: 15 | B18: Aarón Ochoa | D18: X | G18: =MAX(0,IF(E18="",0,E18)-IF(F18="",0,F18)) -> 0
A19: 16 | B19: Larrubia | C19: X | G19: =MAX(0,IF(E19="",0,E19)-IF(F19="",0,F19)) -> 0
A20: 17 | B20: Lobete | C20: X | G20: =MAX(0,IF(E20="",0,E20)-IF(F20="",0,F20)) -> 0
A21: 18 | B21: Adrián Niño | C21: X | E21: 1 | G21: =MAX(0,IF(E21="",0,E21)-IF(F21="",0,F21)) -> 1
A22: 19 | B22: Joaquín | C22: X | G22: =MAX(0,IF(E22="",0,E22)-IF(F22="",0,F22)) -> 0
A23: 20 | B23: Chupe | D23: X | G23: =MAX(0,IF(E23="",0,E23)-IF(F23="",0,F23)) -> 0

Sheet CA OSASUNA
A1: CA OSASUNA
A2: Nº | B2: Jugador / Cromo | C2: Tengo | D2: Pedir | E2: Repetidos | F2: Enviados | G2: Disponibles
A3: 1 | B3: Escudo | C3: X | E3: 1 | G3: =MAX(0,IF(E3="",0,E3)-IF(F3="",0,F3)) -> 1
A4: 2 | B4: Luis Miguel Ramis (entrenador) | C4: X | E4: 1 | G4: =MAX(0,IF(E4="",0,E4)-IF(F4="",0,F4)) -> 1
A5: 3 | B5: Sergio Herrera (portero) | D5: X | G5: =MAX(0,IF(E5="",0,E5)-IF(F5="",0,F5)) -> 0
A6: 4 | B6: Aitor Fernández (portero) | C6: X | G6: =MAX(0,IF(E6="",0,E6)-IF(F6="",0,F6)) -> 0
A7: 5A | B7: Rosier | C7: X | G7: =MAX(0,IF(E7="",0,E7)-IF(F7="",0,F7)) -> 0
A8: 5B | B8: Arguibide | E8: 1 | G8: =MAX(0,IF(E8="",0,E8)-IF(F8="",0,F8)) -> 1
A9: 6 | B9: Boyomo | C9: X | G9: =MAX(0,IF(E9="",0,E9)-IF(F9="",0,F9)) -> 0
A10: 7 | B10: Herrando | C10: X | G10: =MAX(0,IF(E10="",0,E10)-IF(F10="",0,F10)) -> 0
A11: 8 | B11: Catena | C11: X | E11: 3 | G11: =MAX(0,IF(E11="",0,E11)-IF(F11="",0,F11)) -> 3
A12: 9 | B12: Abel Bretones | C12: X | G12: =MAX(0,IF(E12="",0,E12)-IF(F12="",0,F12)) -> 0
A13: 10 | B13: Osambela | C13: X | G13: =MAX(0,IF(E13="",0,E13)-IF(F13="",0,F13)) -> 0
A14: 11 | B14: Torró | C14: X | G14: =MAX(0,IF(E14="",0,E14)-IF(F14="",0,F14)) -> 0
A15: 12 | B15: Moncayola | D15: X | G15: =MAX(0,IF(E15="",0,E15)-IF(F15="",0,F15)) -> 0
A16: 13A | B16: Moi Gómez | C16: X | E16: 1 | G16: =MAX(0,IF(E16="",0,E16)-IF(F16="",0,F16)) -> 1
A17: 13B | B17: Iker Muñoz | G17: =MAX(0,IF(E17="",0,E17)-IF(F17="",0,F17)) -> 0
A18: 14 | B18: Rubén García | C18: X | G18: =MAX(0,IF(E18="",0,E18)-IF(F18="",0,F18)) -> 0
A19: 15 | B19: Aimar Oroz | D19: X | G19: =MAX(0,IF(E19="",0,E19)-IF(F19="",0,F19)) -> 0
A20: 16 | B20: Iker Benito | E20: 1 | G20: =MAX(0,IF(E20="",0,E20)-IF(F20="",0,F20)) -> 1
A21: 17 | B21: Raúl Moro | D21: X | G21: =MAX(0,IF(E21="",0,E21)-IF(F21="",0,F21)) -> 0
A22: 18 | B22: Raúl García | D22: X | G22: =MAX(0,IF(E22="",0,E22)-IF(F22="",0,F22)) -> 0
A23: 19 | B23: Kike Barja | D23: X | G23: =MAX(0,IF(E23="",0,E23)-IF(F23="",0,F23)) -> 0
A24: 20 | B24: Budimir | D24: X | G24: =MAX(0,IF(E24="",0,E24)-IF(F24="",0,F24)) -> 0

Sheet R. RACING CLUB
A1: R. RACING CLUB
A2: Nº | B2: Jugador / Cromo | C2: Tengo | D2: Pedir | E2: Repetidos | F2: Enviados | G2: Disponibles
A3: 1 | B3: Escudo | C3: X | G3: =MAX(0,IF(E3="",0,E3)-IF(F3="",0,F3)) -> 0
A4: 2 | B4: José Alberto López (entrenador) | C4: X | G4: =MAX(0,IF(E4="",0,E4)-IF(F4="",0,F4)) -> 0
A5: 3 | D5: X | G5: =MAX(0,IF(E5="",0,E5)-IF(F5="",0,F5)) -> 0
A6: 4 | B6: Eriksson (portero) | C6: X | G6: =MAX(0,IF(E6="",0,E6)-IF(F6="",0,F6)) -> 0
A7: 5 | B7: Mantilla | C7: X | G7: =MAX(0,IF(E7="",0,E7)-IF(F7="",0,F7)) -> 0
A8: 6 | B8: Sangalli | G8: =MAX(0,IF(E8="",0,E8)-IF(F8="",0,F8)) -> 0
A9: 7 | B9: Facu González | C9: X | G9: =MAX(0,IF(E9="",0,E9)-IF(F9="",0,F9)) -> 0
A10: 8 | B10: Javi Castro | G10: =MAX(0,IF(E10="",0,E10)-IF(F10="",0,F10)) -> 0
A11: 9A | B11: Manu Hernando | D11: X | G11: =MAX(0,IF(E11="",0,E11)-IF(F11="",0,F11)) -> 0
A12: 9B | B12: Mario García | C12: X | E12: 1 | G12: =MAX(0,IF(E12="",0,E12)-IF(F12="",0,F12)) -> 1
A13: 10 | B13: Jorge Salinas | D13: X | G13: =MAX(0,IF(E13="",0,E13)-IF(F13="",0,F13)) -> 0
A14: 11 | B14: Maguette | C14: X | E14: 1 | G14: =MAX(0,IF(E14="",0,E14)-IF(F14="",0,F14)) -> 1
A15: 12 | B15: Gustavo Puerta | C15: X | G15: =MAX(0,IF(E15="",0,E15)-IF(F15="",0,F15)) -> 0
A16: 13 | B16: Íñigo | C16: X | G16: =MAX(0,IF(E16="",0,E16)-IF(F16="",0,F16)) -> 0
A17: 14 | B17: Aldasoro | E17: 1 | G17: =MAX(0,IF(E17="",0,E17)-IF(F17="",0,F17)) -> 1
A18: 15 | B18: Suleiman | E18: 2 | G18: =MAX(0,IF(E18="",0,E18)-IF(F18="",0,F18)) -> 2
A19: 16 | B19: Andrés Martín | C19: X | G19: =MAX(0,IF(E19="",0,E19)-IF(F19="",0,F19)) -> 0
A20: 17 | B20: Guliashvili | D20: X | G20: =MAX(0,IF(E20="",0,E20)-IF(F20="",0,F20)) -> 0
A21: 18 | B21: Íñigo Vicente | D21: X | G21: =MAX(0,IF(E21="",0,E21)-IF(F21="",0,F21)) -> 0
A22: 19 | B22: Arana | C22: X | G22: =MAX(0,IF(E22="",0,E22)-IF(F22="",0,F22)) -> 0
A23: 20 | B23: Villalibre | C23: X | G23: =MAX(0,IF(E23="",0,E23)-IF(F23="",0,F23)) -> 0

Sheet RAYO VALLECANO
A1: RAYO VALLECANO
A2: Nº | B2: Jugador / Cromo | C2: Tengo | D2: Pedir | E2: Repetidos | F2: Enviados | G2: Disponibles
A3: 1 | B3: Escudo | C3: X | E3: 1 | G3: =MAX(0,IF(E3="",0,E3)-IF(F3="",0,F3)) -> 1
A4: 2 | B4: Beñat San José (entrenador) | C4: X | G4: =MAX(0,IF(E4="",0,E4)-IF(F4="",0,F4)) -> 0
A5: 3 | B5: Batalla (portero) | C5: X | G5: =MAX(0,IF(E5="",0,E5)-IF(F5="",0,F5)) -> 0
A6: 4 | B6: Cárdenas (portero) | D6: X | G6: =MAX(0,IF(E6="",0,E6)-IF(F6="",0,F6)) -> 0
A7: 5 | B7: Ratiu | C7: X | E7: 1 | G7: =MAX(0,IF(E7="",0,E7)-IF(F7="",0,F7)) -> 1
A8: 6 | B8: Balliu | D8: X | G8: =MAX(0,IF(E8="",0,E8)-IF(F8="",0,F8)) -> 0
A9: 7 | B9: Nobel Mendy | G9: =MAX(0,IF(E9="",0,E9)-IF(F9="",0,F9)) -> 0
A10: 8 | B10: Lejeune | C10: X | E10: 2 | G10: =MAX(0,IF(E10="",0,E10)-IF(F10="",0,F10)) -> 2
A11: 9 | B11: Luiz Felipe | D11: X | G11: =MAX(0,IF(E11="",0,E11)-IF(F11="",0,F11)) -> 0
A12: 10 | B12: Pep Chavarría | G12: =MAX(0,IF(E12="",0,E12)-IF(F12="",0,F12)) -> 0
A13: 11A | B13: Pedro Díaz | C13: X | G13: =MAX(0,IF(E13="",0,E13)-IF(F13="",0,F13)) -> 0
A14: 11B | B14: Nteka | G14: =MAX(0,IF(E14="",0,E14)-IF(F14="",0,F14)) -> 0
A15: 12 | B15: Pathé Ciss | C15: X | E15: 1 | G15: =MAX(0,IF(E15="",0,E15)-IF(F15="",0,F15)) -> 1
A16: 13 | B16: Óscar Valentín | D16: X | G16: =MAX(0,IF(E16="",0,E16)-IF(F16="",0,F16)) -> 0
A17: 14 | B17: Unai López | D17: X | G17: =MAX(0,IF(E17="",0,E17)-IF(F17="",0,F17)) -> 0
A18: 15 | B18: Isi | D18: X | G18: =MAX(0,IF(E18="",0,E18)-IF(F18="",0,F18)) -> 0
A19: 16 | B19: De Frutos | D19: X | G19: =MAX(0,IF(E19="",0,E19)-IF(F19="",0,F19)) -> 0
A20: 17 | B20: Fran Pérez | D20: X | G20: =MAX(0,IF(E20="",0,E20)-IF(F20="",0,F20)) -> 0
A21: 18 | B21: Álvaro García | D21: X | G21: =MAX(0,IF(E21="",0,E21)-IF(F21="",0,F21)) -> 0
A22: 19 | B22: Camello | C22: X | G22: =MAX(0,IF(E22="",0,E22)-IF(F22="",0,F22)) -> 0
A23: 20 | B23: Alemão | C23: X | G23: =MAX(0,IF(E23="",0,E23)-IF(F23="",0,F23)) -> 0

Sheet REAL SOCIEDAD
A1: REAL SOCIEDAD
A2: Nº | B2: Jugador / Cromo | C2: Tengo | D2: Pedir | E2: Repetidos | F2: Enviados | G2: Disponibles
A3: 1 | B3: Escudo | C3: X | G3: =MAX(0,IF(E3="",0,E3)-IF(F3="",0,F3)) -> 0
A4: 2 | B4: Pellegrino Matarazzo (entrenador) | C4: X | G4: =MAX(0,IF(E4="",0,E4)-IF(F4="",0,F4)) -> 0
A5: 3 | B5: Remiro (portero) | D5: X | G5: =MAX(0,IF(E5="",0,E5)-IF(F5="",0,F5)) -> 0
A6: 4 | B6: Marrero (portero) | C6: X | G6: =MAX(0,IF(E6="",0,E6)-IF(F6="",0,F6)) -> 0
A7: 5 | B7: Aramburu | C7: X | E7: 1 | G7: =MAX(0,IF(E7="",0,E7)-IF(F7="",0,F7)) -> 1
A8: 6 | B8: Zubeldia | D8: X | G8: =MAX(0,IF(E8="",0,E8)-IF(F8="",0,F8)) -> 0
A9: 7 | B9: Jon Martín | C9: X | G9: =MAX(0,IF(E9="",0,E9)-IF(F9="",0,F9)) -> 0
A10: 8 | B10: Sergio Gómez | D10: X | G10: =MAX(0,IF(E10="",0,E10)-IF(F10="",0,F10)) -> 0
A11: 9 | B11: Aihen Muñoz | C11: X | G11: =MAX(0,IF(E11="",0,E11)-IF(F11="",0,F11)) -> 0
A12: 10 | B12: Gorrotxategi | C12: X | G12: =MAX(0,IF(E12="",0,E12)-IF(F12="",0,F12)) -> 0
A13: 11 | B13: Pablo Marín | C13: X | G13: =MAX(0,IF(E13="",0,E13)-IF(F13="",0,F13)) -> 0
A14: 12 | B14: Turrientes | D14: X | G14: =MAX(0,IF(E14="",0,E14)-IF(F14="",0,F14)) -> 0
A15: 13A | B15: Yangel Herrera | C15: X | G15: =MAX(0,IF(E15="",0,E15)-IF(F15="",0,F15)) -> 0
A16: 13B | G16: =MAX(0,IF(E16="",0,E16)-IF(F16="",0,F16)) -> 0
A17: 14 | B17: Carlos Soler | C17: X | G17: =MAX(0,IF(E17="",0,E17)-IF(F17="",0,F17)) -> 0
A18: 15 | B18: Sučić | C18: X | G18: =MAX(0,IF(E18="",0,E18)-IF(F18="",0,F18)) -> 0
A19: 16 | B19: Barrenetxea | C19: X | G19: =MAX(0,IF(E19="",0,E19)-IF(F19="",0,F19)) -> 0
A20: 17 | B20: Kubo | D20: X | G20: =MAX(0,IF(E20="",0,E20)-IF(F20="",0,F20)) -> 0
A21: 18 | B21: Guedes | C21: X | G21: =MAX(0,IF(E21="",0,E21)-IF(F21="",0,F21)) -> 0
A22: 19 | B22: Óskarsson | C22: X | G22: =MAX(0,IF(E22="",0,E22)-IF(F22="",0,F22)) -> 0
A23: 20 | B23: Oyarzabal | D23: X | G23: =MAX(0,IF(E23="",0,E23)-IF(F23="",0,F23)) -> 0

Sheet SEVILLA FC
A1: SEVILLA FC
A2: Nº | B2: Jugador / Cromo | C2: Tengo | D2: Pedir | E2: Repetidos | F2: Enviados | G2: Disponibles
A3: 1 | B3: Escudo | C3: X | E3: 1 | G3: =MAX(0,IF(E3="",0,E3)-IF(F3="",0,F3)) -> 1
A4: 2 | B4: Luis García (entrenador) | D4: X | G4: =MAX(0,IF(E4="",0,E4)-IF(F4="",0,F4)) -> 0
A5: 3 | B5: Vlachodimos (portero) | C5: X | G5: =MAX(0,IF(E5="",0,E5)-IF(F5="",0,F5)) -> 0
A6: 4 | D6: X | G6: =MAX(0,IF(E6="",0,E6)-IF(F6="",0,F6)) -> 0
A7: 5 | B7: Carmona | C7: X | G7: =MAX(0,IF(E7="",0,E7)-IF(F7="",0,F7)) -> 0
A8: 6 | B8: Juanlu | E8: 1 | G8: =MAX(0,IF(E8="",0,E8)-IF(F8="",0,F8)) -> 1
A9: 7 | B9: Kike Salas | C9: X | E9: 1 | G9: =MAX(0,IF(E9="",0,E9)-IF(F9="",0,F9)) -> 1
A10: 8 | B10: Nianzou | G10: =MAX(0,IF(E10="",0,E10)-IF(F10="",0,F10)) -> 0
A11: 9A | B11: Castrín | G11: =MAX(0,IF(E11="",0,E11)-IF(F11="",0,F11)) -> 0
A12: 9B | B12: Marcão | C12: X | E12: 1 | G12: =MAX(0,IF(E12="",0,E12)-IF(F12="",0,F12)) -> 1
A13: 10 | B13: Suazo | C13: X | G13: =MAX(0,IF(E13="",0,E13)-IF(F13="",0,F13)) -> 0
A14: 11 | B14: Oso | G14: =MAX(0,IF(E14="",0,E14)-IF(F14="",0,F14)) -> 0
A15: 12 | B15: Agoumé | C15: X | G15: =MAX(0,IF(E15="",0,E15)-IF(F15="",0,F15)) -> 0
A16: 13 | B16: Guridi | D16: X | G16: =MAX(0,IF(E16="",0,E16)-IF(F16="",0,F16)) -> 0
A17: 14 | B17: Sow | E17: 1 | G17: =MAX(0,IF(E17="",0,E17)-IF(F17="",0,F17)) -> 1
A18: 15 | B18: Vargas | D18: X | G18: =MAX(0,IF(E18="",0,E18)-IF(F18="",0,F18)) -> 0
A19: 16 | B19: Manu Bueno | D19: X | G19: =MAX(0,IF(E19="",0,E19)-IF(F19="",0,F19)) -> 0
A20: 17 | B20: Peque | C20: X | G20: =MAX(0,IF(E20="",0,E20)-IF(F20="",0,F20)) -> 0
A21: 18 | B21: Ejuke | D21: X | G21: =MAX(0,IF(E21="",0,E21)-IF(F21="",0,F21)) -> 0
A22: 19 | B22: Akor Adams | G22: =MAX(0,IF(E22="",0,E22)-IF(F22="",0,F22)) -> 0
A23: 20 | B23: Isaac Romero | C23: X | E23: 2 | G23: =MAX(0,IF(E23="",0,E23)-IF(F23="",0,F23)) -> 2

Sheet VALENCIA CF
A1: VALENCIA CF
A2: Nº | B2: Jugador / Cromo | C2: Tengo | D2: Pedir | E2: Repetidos | F2: Enviados | G2: Disponibles
A3: 1 | B3: Escudo | C3: X | G3: =MAX(0,IF(E3="",0,E3)-IF(F3="",0,F3)) -> 0
A4: 2 | B4: Carlos Corberán (entrenador) | C4: X | G4: =MAX(0,IF(E4="",0,E4)-IF(F4="",0,F4)) -> 0
A5: 3 | B5: Dimitrievski (portero) | C5: X | G5: =MAX(0,IF(E5="",0,E5)-IF(F5="",0,F5)) -> 0
A6: 4 | B6: Rivero (portero) | C6: X | E6: 1 | G6: =MAX(0,IF(E6="",0,E6)-IF(F6="",0,F6)) -> 1
A7: 5 | B7: Foulquier | C7: X | E7: 1 | G7: =MAX(0,IF(E7="",0,E7)-IF(F7="",0,F7)) -> 1
A8: 6 | B8: Copete | C8: X | E8: 1 | G8: =MAX(0,IF(E8="",0,E8)-IF(F8="",0,F8)) -> 1
A9: 7 | B9: Tárrega | C9: X | G9: =MAX(0,IF(E9="",0,E9)-IF(F9="",0,F9)) -> 0
A10: 8A | B10: Cömert | E10: 1 | G10: =MAX(0,IF(E10="",0,E10)-IF(F10="",0,F10)) -> 1
A11: 8B | B11: Diakhaby | C11: X | G11: =MAX(0,IF(E11="",0,E11)-IF(F11="",0,F11)) -> 0
A12: 9 | B12: Gayà | C12: X | G12: =MAX(0,IF(E12="",0,E12)-IF(F12="",0,F12)) -> 0
A13: 10 | B13: Jesús Vázquez | D13: X | G13: =MAX(0,IF(E13="",0,E13)-IF(F13="",0,F13)) -> 0
A14: 11 | B14: Pepelu | C14: X | G14: =MAX(0,IF(E14="",0,E14)-IF(F14="",0,F14)) -> 0
A15: 12 | B15: Guido Rodríguez | D15: X | G15: =MAX(0,IF(E15="",0,E15)-IF(F15="",0,F15)) -> 0
A16: 13 | B16: Javi Guerra | D16: X | G16: =MAX(0,IF(E16="",0,E16)-IF(F16="",0,F16)) -> 0
A17: 14 | B17: Luis Rioja | C17: X | E17: 1 | G17: =MAX(0,IF(E17="",0,E17)-IF(F17="",0,F17)) -> 1
A18: 15 | B18: Ugrinić | D18: X | G18: =MAX(0,IF(E18="",0,E18)-IF(F18="",0,F18)) -> 0
A19: 16 | B19: André Almeida | C19: X | E19: 1 | G19: =MAX(0,IF(E19="",0,E19)-IF(F19="",0,F19)) -> 1
A20: 17 | B20: Hugo Duro | C20: X | G20: =MAX(0,IF(E20="",0,E20)-IF(F20="",0,F20)) -> 0
A21: 18 | B21: Diego López | G21: =MAX(0,IF(E21="",0,E21)-IF(F21="",0,F21)) -> 0
A22: 19 | B22: Ramazani | G22: =MAX(0,IF(E22="",0,E22)-IF(F22="",0,F22)) -> 0
A23: 20A | B23: Sadiq | C23: X | G23: =MAX(0,IF(E23="",0,E23)-IF(F23="",0,F23)) -> 0
A24: 20B | B24: Lucas Beltrán | E24: 1 | G24: =MAX(0,IF(E24="",0,E24)-IF(F24="",0,F24)) -> 1

Sheet VILLARREAL CF
A1: VILLARREAL CF
A2: Nº | B2: Jugador / Cromo | C2: Tengo | D2: Pedir | E2: Repetidos | F2: Enviados | G2: Disponibles
A3: 1 | B3: Escudo | C3: X | E3: 1 | G3: =MAX(0,IF(E3="",0,E3)-IF(F3="",0,F3)) -> 1
A4: 2 | B4: Íñigo Pérez (entrenador) | D4: X | G4: =MAX(0,IF(E4="",0,E4)-IF(F4="",0,F4)) -> 0
A5: 3 | B5: Luiz Júnior (portero) | C5: X | E5: 1 | G5: =MAX(0,IF(E5="",0,E5)-IF(F5="",0,F5)) -> 1
A6: 4 | B6: Arnau Tenas (portero) | G6: =MAX(0,IF(E6="",0,E6)-IF(F6="",0,F6)) -> 0
A7: 5 | B7: Mouriño | C7: X | E7: 2 | G7: =MAX(0,IF(E7="",0,E7)-IF(F7="",0,F7)) -> 2
A8: 6A | B8: Pau Navarro | E8: 1 | G8: =MAX(0,IF(E8="",0,E8)-IF(F8="",0,F8)) -> 1
A9: 6B | B9: Logan Costa | C9: X | G9: =MAX(0,IF(E9="",0,E9)-IF(F9="",0,F9)) -> 0
A10: 7A | B10: Foyth | C10: X | G10: =MAX(0,IF(E10="",0,E10)-IF(F10="",0,F10)) -> 0
A11: 7B | B11: Freeman | G11: =MAX(0,IF(E11="",0,E11)-IF(F11="",0,F11)) -> 0
A12: 8A | B12: Kambwala | E12: 1 | G12: =MAX(0,IF(E12="",0,E12)-IF(F12="",0,F12)) -> 1
A13: 8B | B13: Rafa Marín | G13: =MAX(0,IF(E13="",0,E13)-IF(F13="",0,F13)) -> 0
A14: 9 | B14: Renato Veiga | C14: X | G14: =MAX(0,IF(E14="",0,E14)-IF(F14="",0,F14)) -> 0
A15: 10 | B15: Sergi Cardona | D15: X | G15: =MAX(0,IF(E15="",0,E15)-IF(F15="",0,F15)) -> 0
A16: 11 | B16: Pape Gueye | D16: X | G16: =MAX(0,IF(E16="",0,E16)-IF(F16="",0,F16)) -> 0
A17: 12 | B17: Santi Comesaña | D17: X | G17: =MAX(0,IF(E17="",0,E17)-IF(F17="",0,F17)) -> 0
A18: 13 | B18: Maciá | C18: X | E18: 1 | G18: =MAX(0,IF(E18="",0,E18)-IF(F18="",0,F18)) -> 1
A19: 14 | B19: Moleiro | C19: X | G19: =MAX(0,IF(E19="",0,E19)-IF(F19="",0,F19)) -> 0
A20: 15 | B20: Buchanan | C20: X | G20: =MAX(0,IF(E20="",0,E20)-IF(F20="",0,F20)) -> 0
A21: 16 | B21: Oluwaseyi | D21: X | G21: =MAX(0,IF(E21="",0,E21)-IF(F21="",0,F21)) -> 0
A22: 17 | B22: Ayoze | D22: X | G22: =MAX(0,IF(E22="",0,E22)-IF(F22="",0,F22)) -> 0
A23: 18 | B23: Pépé | D23: X | G23: =MAX(0,IF(E23="",0,E23)-IF(F23="",0,F23)) -> 0
A24: 19 | B24: Mikautadze | C24: X | G24: =MAX(0,IF(E24="",0,E24)-IF(F24="",0,F24)) -> 0
A25: 20 | B25: Gerard Moreno | C25: X | E25: 1 | G25: =MAX(0,IF(E25="",0,E25)-IF(F25="",0,F25)) -> 1

Sheet ADN - LALIGA PRIME
A1: ADN - LALIGA PRIME
A2: Nº | B2: Jugador / Cromo | C2: Tengo | D2: Pedir | E2: Repetidos | F2: Enviados | G2: Disponibles
A3: 1 | B3: Antony (Real Betis) | D3: X | G3: =MAX(0,IF(E3="",0,E3)-IF(F3="",0,F3)) -> 0
A4: 2 | B4: Bellingham (Real Madrid) | C4: X | G4: =MAX(0,IF(E4="",0,E4)-IF(F4="",0,F4)) -> 0
A5: 3 | B5: Courtois (Real Madrid) | C5: X | E5: 1 | G5: =MAX(0,IF(E5="",0,E5)-IF(F5="",0,F5)) -> 1
A6: 4 | B6: Fermín (FC Barcelona) | C6: X | G6: =MAX(0,IF(E6="",0,E6)-IF(F6="",0,F6)) -> 0
A7: 5 | B7: Julián Álvarez (Atlético de Madrid) | C7: X | G7: =MAX(0,IF(E7="",0,E7)-IF(F7="",0,F7)) -> 0
A8: 6 | B8: Lamine Yamal (FC Barcelona) | C8: X | G8: =MAX(0,IF(E8="",0,E8)-IF(F8="",0,F8)) -> 0
A9: 7 | B9: Lookman (Atlético de Madrid) | C9: X | E9: 1 | G9: =MAX(0,IF(E9="",0,E9)-IF(F9="",0,F9)) -> 1
A10: 8 | B10: Mbappé (Real Madrid) | D10: X | G10: =MAX(0,IF(E10="",0,E10)-IF(F10="",0,F10)) -> 0
A11: 9 | B11: Moleiro (Villarreal CF) | D11: X | G11: =MAX(0,IF(E11="",0,E11)-IF(F11="",0,F11)) -> 0
A12: 10 | B12: Nico Williams (Athletic Club) | C12: X | G12: =MAX(0,IF(E12="",0,E12)-IF(F12="",0,F12)) -> 0
A13: 11 | B13: Oyarzabal (Real Sociedad) | D13: X | G13: =MAX(0,IF(E13="",0,E13)-IF(F13="",0,F13)) -> 0
A14: 12 | B14: Pedri (FC Barcelona) | C14: X | G14: =MAX(0,IF(E14="",0,E14)-IF(F14="",0,F14)) -> 0
A15: 13 | B15: Raphinha (FC Barcelona) | D15: X | G15: =MAX(0,IF(E15="",0,E15)-IF(F15="",0,F15)) -> 0
A16: 14 | B16: Unai Simón (Athletic Club) | D16: X | G16: =MAX(0,IF(E16="",0,E16)-IF(F16="",0,F16)) -> 0
A17: 15 | B17: Vinícius (Real Madrid) | D17: X | G17: =MAX(0,IF(E17="",0,E17)-IF(F17="",0,F17)) -> 0

Sheet LALIGA FANTASY
A1: LALIGA FANTASY
A2: Nº | B2: Jugador / Cromo | C2: Tengo | D2: Pedir | E2: Repetidos | F2: Enviados | G2: Disponibles
A3: 1 | B3: Hansi Flick (entrenador) (FC Barcelona) | C3: X | G3: =MAX(0,IF(E3="",0,E3)-IF(F3="",0,F3)) -> 0
A4: 2 | B4: Joan García (FC Barcelona) | D4: X | G4: =MAX(0,IF(E4="",0,E4)-IF(F4="",0,F4)) -> 0
A5: 3 | B5: Lejeune (Rayo Vallecano) | C5: X | G5: =MAX(0,IF(E5="",0,E5)-IF(F5="",0,F5)) -> 0
A6: 4 | B6: Fornals (Real Betis) | D6: X | G6: =MAX(0,IF(E6="",0,E6)-IF(F6="",0,F6)) -> 0
A7: 5 | B7: Lamine Yamal (FC Barcelona) | D7: X | G7: =MAX(0,IF(E7="",0,E7)-IF(F7="",0,F7)) -> 0
A8: 6 | B8: Luis Milla (Getafe CF) | C8: X | G8: =MAX(0,IF(E8="",0,E8)-IF(F8="",0,F8)) -> 0
A9: 7 | B9: Pedri (FC Barcelona) | C9: X | G9: =MAX(0,IF(E9="",0,E9)-IF(F9="",0,F9)) -> 0
A10: 8 | B10: Luis Milla (Getafe CF) | D10: X | G10: =MAX(0,IF(E10="",0,E10)-IF(F10="",0,F10)) -> 0
A11: 9 | B11: Mbappé (Real Madrid) | C11: X | G11: =MAX(0,IF(E11="",0,E11)-IF(F11="",0,F11)) -> 0

Sheet DRAFT 23
A1: DRAFT 23
A2: Nº | B2: Jugador / Cromo | C2: Tengo | D2: Pedir | E2: Repetidos | F2: Enviados | G2: Disponibles
A3: 1 | B3: Asencio (Real Madrid) | C3: X | E3: 1 | G3: =MAX(0,IF(E3="",0,E3)-IF(F3="",0,F3)) -> 1
A4: 2 | B4: Balde (FC Barcelona) | D4: X | G4: =MAX(0,IF(E4="",0,E4)-IF(F4="",0,F4)) -> 0
A5: 3 | B5: Barrios (Atlético de Madrid) | C5: X | G5: =MAX(0,IF(E5="",0,E5)-IF(F5="",0,F5)) -> 0
A6: 4 | B6: Carlos Espí (Levante UD) | C6: X | E6: 2 | G6: =MAX(0,IF(E6="",0,E6)-IF(F6="",0,F6)) -> 2
A7: 5 | B7: Carreras (Real Madrid) | C7: X | G7: =MAX(0,IF(E7="",0,E7)-IF(F7="",0,F7)) -> 0
A8: 6 | B8: Cubarsí (FC Barcelona) | D8: X | G8: =MAX(0,IF(E8="",0,E8)-IF(F8="",0,F8)) -> 0
A9: 7 | B9: Fer López (RC Celta) | D9: X | G9: =MAX(0,IF(E9="",0,E9)-IF(F9="",0,F9)) -> 0
A10: 8 | B10: Gavi (FC Barcelona) | D10: X | G10: =MAX(0,IF(E10="",0,E10)-IF(F10="",0,F10)) -> 0
A11: 9 | B11: Gonzalo (Real Madrid) | D11: X | G11: =MAX(0,IF(E11="",0,E11)-IF(F11="",0,F11)) -> 0
A12: 10 | B12: Huijsen (Real Madrid) | C12: X | G12: =MAX(0,IF(E12="",0,E12)-IF(F12="",0,F12)) -> 0
A13: 11 | B13: Jauregizar (Athletic Club) | D13: X | G13: =MAX(0,IF(E13="",0,E13)-IF(F13="",0,F13)) -> 0
A14: 12 | B14: Javi Guerra (Valencia CF) | C14: X | G14: =MAX(0,IF(E14="",0,E14)-IF(F14="",0,F14)) -> 0
A15: 13 | B15: Jon Martín (Real Sociedad) | C15: X | G15: =MAX(0,IF(E15="",0,E15)-IF(F15="",0,F15)) -> 0
A16: 14 | B16: Juanlu (Sevilla FC) | C16: X | G16: =MAX(0,IF(E16="",0,E16)-IF(F16="",0,F16)) -> 0
A17: 15 | B17: Marc Bernal (FC Barcelona) | C17: X | G17: =MAX(0,IF(E17="",0,E17)-IF(F17="",0,F17)) -> 0
A18: 16 | B18: Mastantuono (Real Madrid) | C18: X | G18: =MAX(0,IF(E18="",0,E18)-IF(F18="",0,F18)) -> 0
A19: 17 | B19: Oso (Sevilla FC) | C19: X | E19: 1 | G19: =MAX(0,IF(E19="",0,E19)-IF(F19="",0,F19)) -> 1
A20: 18 | B20: Pau Navarro (Villarreal CF) | C20: X | E20: 1 | G20: =MAX(0,IF(E20="",0,E20)-IF(F20="",0,F20)) -> 1
A21: 19 | B21: Pubill (Atlético de Madrid) | D21: X | G21: =MAX(0,IF(E21="",0,E21)-IF(F21="",0,F21)) -> 0
A22: 20 | B22: Renato Veiga (Villarreal CF) | D22: X | G22: =MAX(0,IF(E22="",0,E22)-IF(F22="",0,F22)) -> 0
A23: 21 | B23: Rodri Mendoza (Atlético de Madrid) | C23: X | G23: =MAX(0,IF(E23="",0,E23)-IF(F23="",0,F23)) -> 0
A24: 22 | B24: Thiago Pitarch (Real Madrid) | C24: X | E24: 1 | G24: =MAX(0,IF(E24="",0,E24)-IF(F24="",0,F24)) -> 1
A25: 23 | B25: Yeremay (RC Deportivo) | D25: X | G25: =MAX(0,IF(E25="",0,E25)-IF(F25="",0,F25)) -> 0

Sheet DRAFT 23 KROMIX
A1: DRAFT 23 KROMIX
A2: Nº | B2: Jugador / Cromo | C2: Tengo | D2: Pedir | E2: Repetidos | F2: Enviados | G2: Disponibles
A3: K1 | B3: Asencio (Real Madrid) | C3: X | G3: =MAX(0,IF(E3="",0,E3)-IF(F3="",0,F3)) -> 0
A4: K2 | B4: Balde (FC Barcelona) | C4: X | G4: =MAX(0,IF(E4="",0,E4)-IF(F4="",0,F4)) -> 0
A5: K3 | B5: Barrios (Atlético de Madrid) | D5: X | G5: =MAX(0,IF(E5="",0,E5)-IF(F5="",0,F5)) -> 0
A6: K4 | B6: Carlos Espí (Levante UD) | D6: X | G6: =MAX(0,IF(E6="",0,E6)-IF(F6="",0,F6)) -> 0
A7: K5 | B7: Carreras (Real Madrid) | C7: X | G7: =MAX(0,IF(E7="",0,E7)-IF(F7="",0,F7)) -> 0
A8: K6 | B8: Cubarsí (FC Barcelona) | C8: X | G8: =MAX(0,IF(E8="",0,E8)-IF(F8="",0,F8)) -> 0
A9: K7 | B9: Fer López (RC Celta) | C9: X | G9: =MAX(0,IF(E9="",0,E9)-IF(F9="",0,F9)) -> 0
A10: K8 | B10: Gavi (FC Barcelona) | C10: X | G10: =MAX(0,IF(E10="",0,E10)-IF(F10="",0,F10)) -> 0
A11: K9 | B11: Gonzalo (Real Madrid) | D11: X | G11: =MAX(0,IF(E11="",0,E11)-IF(F11="",0,F11)) -> 0
A12: K10 | B12: Huijsen (Real Madrid) | C12: X | G12: =MAX(0,IF(E12="",0,E12)-IF(F12="",0,F12)) -> 0
A13: K11 | B13: Jauregizar (Athletic Club) | C13: X | G13: =MAX(0,IF(E13="",0,E13)-IF(F13="",0,F13)) -> 0
A14: K12 | B14: Javi Guerra (Valencia CF) | C14: X | G14: =MAX(0,IF(E14="",0,E14)-IF(F14="",0,F14)) -> 0
A15: K13 | B15: Jon Martín (Real Sociedad) | C15: X | G15: =MAX(0,IF(E15="",0,E15)-IF(F15="",0,F15)) -> 0
A16: K14 | B16: Juanlu (Sevilla FC) | C16: X | G16: =MAX(0,IF(E16="",0,E16)-IF(F16="",0,F16)) -> 0
A17: K15 | B17: Marc Bernal (FC Barcelona) | C17: X | G17: =MAX(0,IF(E17="",0,E17)-IF(F17="",0,F17)) -> 0
A18: K16 | B18: Mastantuono (Real Madrid) | C18: X | G18: =MAX(0,IF(E18="",0,E18)-IF(F18="",0,F18)) -> 0
A19: K17 | B19: Oso (Sevilla FC) | C19: X | G19: =MAX(0,IF(E19="",0,E19)-IF(F19="",0,F19)) -> 0
A20: K18 | B20: Pau Navarro (Villarreal CF) | C20: X | G20: =MAX(0,IF(E20="",0,E20)-IF(F20="",0,F20)) -> 0
A21: K19 | B21: Pubill (Atlético de Madrid) | D21: X | G21: =MAX(0,IF(E21="",0,E21)-IF(F21="",0,F21)) -> 0
A22: K20 | B22: Renato Veiga (Villarreal CF) | D22: X | G22: =MAX(0,IF(E22="",0,E22)-IF(F22="",0,F22)) -> 0
A23: K21 | B23: Rodri Mendoza (Atlético de Madrid) | D23: X | G23: =MAX(0,IF(E23="",0,E23)-IF(F23="",0,F23)) -> 0
A24: K22 | B24: Thiago Pitarch (Real Madrid) | C24: X | G24: =MAX(0,IF(E24="",0,E24)-IF(F24="",0,F24)) -> 0
A25: K23 | B25: Yeremay (RC Deportivo) | C25: X | G25: =MAX(0,IF(E25="",0,E25)-IF(F25="",0,F25)) -> 0

Sheet EXTRA STICKERS
A1: EXTRA STICKERS
A2: Nº | B2: Jugador / Cromo | C2: Tengo | D2: Pedir | E2: Repetidos | F2: Enviados | G2: Disponibles
A3: ORO-1 | B3: Nico Williams — Athletic Club (ORO) | G3: =MAX(0,IF(E3="",0,E3)-IF(F3="",0,F3)) -> 0
A4: ORO-2 | B4: Oblak — Atlético de Madrid (ORO) | G4: =MAX(0,IF(E4="",0,E4)-IF(F4="",0,F4)) -> 0
A5: ORO-3 | B5: Lamine Yamal — FC Barcelona (ORO) | G5: =MAX(0,IF(E5="",0,E5)-IF(F5="",0,F5)) -> 0
A6: ORO-4 | B6: Pedri — FC Barcelona (ORO) | G6: =MAX(0,IF(E6="",0,E6)-IF(F6="",0,F6)) -> 0
A7: ORO-5 | B7: Mbappé — Real Madrid (ORO) | G7: =MAX(0,IF(E7="",0,E7)-IF(F7="",0,F7)) -> 0
A8: PLATA-1 | B8: Nico Williams — Athletic Club (PLATA) | G8: =MAX(0,IF(E8="",0,E8)-IF(F8="",0,F8)) -> 0
A9: PLATA-2 | B9: Oblak — Atlético de Madrid (PLATA) | G9: =MAX(0,IF(E9="",0,E9)-IF(F9="",0,F9)) -> 0
A10: PLATA-3 | B10: Lamine Yamal — FC Barcelona (PLATA) | G10: =MAX(0,IF(E10="",0,E10)-IF(F10="",0,F10)) -> 0
A11: PLATA-4 | B11: Pedri — FC Barcelona (PLATA) | C11: X | G11: =MAX(0,IF(E11="",0,E11)-IF(F11="",0,F11)) -> 0
A12: PLATA-5 | B12: Mbappé — Real Madrid (PLATA) | G12: =MAX(0,IF(E12="",0,E12)-IF(F12="",0,F12)) -> 0
A13: BRONCE-1 | B13: Nico Williams — Athletic Club (BRONCE) | G13: =MAX(0,IF(E13="",0,E13)-IF(F13="",0,F13)) -> 0
A14: BRONCE-2 | B14: Oblak — Atlético de Madrid (BRONCE) | G14: =MAX(0,IF(E14="",0,E14)-IF(F14="",0,F14)) -> 0
A15: BRONCE-3 | B15: Lamine Yamal — FC Barcelona (BRONCE) | C15: X | G15: =MAX(0,IF(E15="",0,E15)-IF(F15="",0,F15)) -> 0
A16: BRONCE-4 | B16: Pedri — FC Barcelona (BRONCE) | G16: =MAX(0,IF(E16="",0,E16)-IF(F16="",0,F16)) -> 0
A17: BRONCE-5 | B17: Mbappé — Real Madrid (BRONCE) | G17: =MAX(0,IF(E17="",0,E17)-IF(F17="",0,F17)) -> 0

Sheet CHICLE LIGA 2627
A1: CHICLE LIGA 2026-27
A2: Nº | B2: Jugador / Cromo | C2: Tengo | D2: Pedir | E2: Repetidos | F2: Enviados | G2: Disponibles
A3: ESC01 | B3: Escudo ¡Vamos! — Deportivo Alavés | G3: =MAX(0,IF(E3="",0,E3)-IF(F3="",0,F3)) -> 0
A4: ESC02 | B4: Escudo ¡Vamos! — Athletic Club | G4: =MAX(0,IF(E4="",0,E4)-IF(F4="",0,F4)) -> 0
A5: ESC03 | B5: Escudo ¡Vamos! — Atlético de Madrid | G5: =MAX(0,IF(E5="",0,E5)-IF(F5="",0,F5)) -> 0
A6: ESC04 | B6: Escudo ¡Vamos! — FC Barcelona | G6: =MAX(0,IF(E6="",0,E6)-IF(F6="",0,F6)) -> 0
A7: ESC05 | B7: Escudo ¡Vamos! — Real Betis Balompié | G7: =MAX(0,IF(E7="",0,E7)-IF(F7="",0,F7)) -> 0
A8: ESC06 | B8: Escudo ¡Vamos! — RC Celta de Vigo | G8: =MAX(0,IF(E8="",0,E8)-IF(F8="",0,F8)) -> 0
A9: ESC07 | B9: Escudo ¡Vamos! — RC Deportivo | G9: =MAX(0,IF(E9="",0,E9)-IF(F9="",0,F9)) -> 0
A10: ESC08 | B10: Escudo ¡Vamos! — Elche CF | G10: =MAX(0,IF(E10="",0,E10)-IF(F10="",0,F10)) -> 0
A11: ESC09 | B11: Escudo ¡Vamos! — RCD Espanyol | G11: =MAX(0,IF(E11="",0,E11)-IF(F11="",0,F11)) -> 0
A12: ESC10 | B12: Escudo ¡Vamos! — Getafe CF | G12: =MAX(0,IF(E12="",0,E12)-IF(F12="",0,F12)) -> 0
A13: ESC11 | B13: Escudo ¡Vamos! — Levante UD | G13: =MAX(0,IF(E13="",0,E13)-IF(F13="",0,F13)) -> 0
A14: ESC12 | B14: Escudo ¡Vamos! — Real Madrid CF | G14: =MAX(0,IF(E14="",0,E14)-IF(F14="",0,F14)) -> 0
... A82: QE20 | B82: ¿Quién es? — Villarreal CF | G82: =MAX(0,IF(E82="",0,E82)-IF(F82="",0,F82)) -> 0
