Workbook

Sheet RESUMEN
A1: ÁLBUM PANINI FIFA WORLD CUP 2026 — SEGUIMIENTO
A2: Sección | B2: Total | C2: Faltan | D2: Pedir | E2: Repetidos | F2: Enviados | G2: Disponibles
A3: INTRODUCCIÓN | B3: 9 | C3: =COUNTIF(INTRODUCCIÓN!C3:C11,"") -> 0 | D3: =COUNTIF(INTRODUCCIÓN!D3:D11,"X") -> 0 | E3: =SUMIF(INTRODUCCIÓN!E3:E11,">"&0,INTRODUCCIÓN!E3:E11) -> 8 | F3: =SUM(INTRODUCCIÓN!F3:F11) -> 8 | G3: =SUM(INTRODUCCIÓN!G3:G11) -> 0
A4: GRUPO A · México | B4: 20 | C4: =COUNTIF('GRUPO A · México'!C3:C22,"") -> 0 | D4: =COUNTIF('GRUPO A · México'!D3:D22,"X") -> 0 | E4: =SUMIF('GRUPO A · México'!E3:E22,">"&0,'GRUPO A · México'!E3:E22) -> 12 | F4: =SUM('GRUPO A · México'!F3:F22) -> 12 | G4: =SUM('GRUPO A · México'!G3:G22) -> 0
A5: GRUPO A · South Africa | B5: 20 | C5: =COUNTIF('GRUPO A · South Africa'!C3:C22,"") -> 0 | D5: =COUNTIF('GRUPO A · South Africa'!D3:D22,"X") -> 0 | E5: =SUMIF('GRUPO A · South Africa'!E3:E22,">"&0,'GRUPO A · South Africa'!E3:E22) -> 20 | F5: =SUM('GRUPO A · South Africa'!F3:F22) -> 20 | G5: =SUM('GRUPO A · South Africa'!G3:G22) -> 0
A6: GRUPO A · Korea Republic | B6: 20 | C6: =COUNTIF('GRUPO A · Korea Republic'!C3:C22,"") -> 0 | D6: =COUNTIF('GRUPO A · Korea Republic'!D3:D22,"X") -> 0 | E6: =SUMIF('GRUPO A · Korea Republic'!E3:E22,">"&0,'GRUPO A · Korea Republic'!E3:E22) -> 18 | F6: =SUM('GRUPO A · Korea Republic'!F3:F22) -> 18 | G6: =SUM('GRUPO A · Korea Republic'!G3:G22) -> 0
A7: GRUPO A · Czechia | B7: 20 | C7: =COUNTIF('GRUPO A · Czechia'!C3:C22,"") -> 0 | D7: =COUNTIF('GRUPO A · Czechia'!D3:D22,"X") -> 0 | E7: =SUMIF('GRUPO A · Czechia'!E3:E22,">"&0,'GRUPO A · Czechia'!E3:E22) -> 18 | F7: =SUM('GRUPO A · Czechia'!F3:F22) -> 18 | G7: =SUM('GRUPO A · Czechia'!G3:G22) -> 0
A8: GRUPO B · Canadá | B8: 20 | C8: =COUNTIF('GRUPO B · Canadá'!C3:C22,"") -> 0 | D8: =COUNTIF('GRUPO B · Canadá'!D3:D22,"X") -> 0 | E8: =SUMIF('GRUPO B · Canadá'!E3:E22,">"&0,'GRUPO B · Canadá'!E3:E22) -> 13 | F8: =SUM('GRUPO B · Canadá'!F3:F22) -> 13 | G8: =SUM('GRUPO B · Canadá'!G3:G22) -> 0
A9: GRUPO B · Bosnia-Herzegovina | B9: 20 | C9: =COUNTIF('GRUPO B · Bosnia-Herzegovina'!C3:C22,"") -> 0 | D9: =COUNTIF('GRUPO B · Bosnia-Herzegovina'!D3:D22,"X") -> 0 | E9: =SUMIF('GRUPO B · Bosnia-Herzegovina'!E3:E22,">"&0,'GRUPO B · Bosnia-Herzegovina'!E3:E22) -> 20 | F9: =SUM('GRUPO B · Bosnia-Herzegovina'!F3:F22) -> 20 | G9: =SUM('GRUPO B · Bosnia-Herzegovina'!G3:G22) -> 0
A10: GRUPO B · Qatar | B10: 20 | C10: =COUNTIF('GRUPO B · Qatar'!C3:C22,"") -> 0 | D10: =COUNTIF('GRUPO B · Qatar'!D3:D22,"X") -> 0 | E10: =SUMIF('GRUPO B · Qatar'!E3:E22,">"&0,'GRUPO B · Qatar'!E3:E22) -> 14 | F10: =SUM('GRUPO B · Qatar'!F3:F22) -> 14 | G10: =SUM('GRUPO B · Qatar'!G3:G22) -> 0
A11: GRUPO B · Switzerland | B11: 20 | C11: =COUNTIF('GRUPO B · Switzerland'!C3:C22,"") -> 0 | D11: =COUNTIF('GRUPO B · Switzerland'!D3:D22,"X") -> 0 | E11: =SUMIF('GRUPO B · Switzerland'!E3:E22,">"&0,'GRUPO B · Switzerland'!E3:E22) -> 14 | F11: =SUM('GRUPO B · Switzerland'!F3:F22) -> 14 | G11: =SUM('GRUPO B · Switzerland'!G3:G22) -> 0
A12: GRUPO C · Brazil | B12: 20 | C12: =COUNTIF('GRUPO C · Brazil'!C3:C22,"") -> 0 | D12: =COUNTIF('GRUPO C · Brazil'!D3:D22,"X") -> 0 | E12: =SUMIF('GRUPO C · Brazil'!E3:E22,">"&0,'GRUPO C · Brazil'!E3:E22) -> 17 | F12: =SUM('GRUPO C · Brazil'!F3:F22) -> 17 | G12: =SUM('GRUPO C · Brazil'!G3:G22) -> 0
A13: GRUPO C · Morocco | B13: 20 | C13: =COUNTIF('GRUPO C · Morocco'!C3:C22,"") -> 0 | D13: =COUNTIF('GRUPO C · Morocco'!D3:D22,"X") -> 0 | E13: =SUMIF('GRUPO C · Morocco'!E3:E22,">"&0,'GRUPO C · Morocco'!E3:E22) -> 12 | F13: =SUM('GRUPO C · Morocco'!F3:F22) -> 12 | G13: =SUM('GRUPO C · Morocco'!G3:G22) -> 0
A14: GRUPO C · Haiti | B14: 20 | C14: =COUNTIF('GRUPO C · Haiti'!C3:C22,"") -> 0 | D14: =COUNTIF('GRUPO C · Haiti'!D3:D22,"X") -> 0 | E14: =SUMIF('GRUPO C · Haiti'!E3:E22,">"&0,'GRUPO C · Haiti'!E3:E22) -> 15 | F14: =SUM('GRUPO C · Haiti'!F3:F22) -> 15 | G14: =SUM('GRUPO C · Haiti'!G3:G22) -> 0
A15: GRUPO C · Scotland | B15: 20 | C15: =COUNTIF('GRUPO C · Scotland'!C3:C22,"") -> 0 | D15: =COUNTIF('GRUPO C · Scotland'!D3:D22,"X") -> 0 | E15: =SUMIF('GRUPO C · Scotland'!E3:E22,">"&0,'GRUPO C · Scotland'!E3:E22) -> 20 | F15: =SUM('GRUPO C · Scotland'!F3:F22) -> 20 | G15: =SUM('GRUPO C · Scotland'!G3:G22) -> 0
A16: GRUPO D · USA | B16: 20 | C16: =COUNTIF('GRUPO D · USA'!C3:C22,"") -> 0 | D16: =COUNTIF('GRUPO D · USA'!D3:D22,"X") -> 0 | E16: =SUMIF('GRUPO D · USA'!E3:E22,">"&0,'GRUPO D · USA'!E3:E22) -> 14 | F16: =SUM('GRUPO D · USA'!F3:F22) -> 14 | G16: =SUM('GRUPO D · USA'!G3:G22) -> 0
A17: GRUPO D · Paraguay | B17: 20 | C17: =COUNTIF('GRUPO D · Paraguay'!C3:C22,"") -> 0 | D17: =COUNTIF('GRUPO D · Paraguay'!D3:D22,"X") -> 0 | E17: =SUMIF('GRUPO D · Paraguay'!E3:E22,">"&0,'GRUPO D · Paraguay'!E3:E22) -> 17 | F17: =SUM('GRUPO D · Paraguay'!F3:F22) -> 17 | G17: =SUM('GRUPO D · Paraguay'!G3:G22) -> 0
A18: GRUPO D · Australia | B18: 20 | C18: =COUNTIF('GRUPO D · Australia'!C3:C22,"") -> 0 | D18: =COUNTIF('GRUPO D · Australia'!D3:D22,"X") -> 0 | E18: =SUMIF('GRUPO D · Australia'!E3:E22,">"&0,'GRUPO D · Australia'!E3:E22) -> 16 | F18: =SUM('GRUPO D · Australia'!F3:F22) -> 16 | G18: =SUM('GRUPO D · Australia'!G3:G22) -> 0
A19: GRUPO D · Türkiye | B19: 20 | C19: =COUNTIF('GRUPO D · Türkiye'!C3:C22,"") -> 0 | D19: =COUNTIF('GRUPO D · Türkiye'!D3:D22,"X") -> 0 | E19: =SUMIF('GRUPO D · Türkiye'!E3:E22,">"&0,'GRUPO D · Türkiye'!E3:E22) -> 15 | F19: =SUM('GRUPO D · Türkiye'!F3:F22) -> 15 | G19: =SUM('GRUPO D · Türkiye'!G3:G22) -> 0
A20: GRUPO E · Germany | B20: 20 | C20: =COUNTIF('GRUPO E · Germany'!C3:C22,"") -> 0 | D20: =COUNTIF('GRUPO E · Germany'!D3:D22,"X") -> 0 | E20: =SUMIF('GRUPO E · Germany'!E3:E22,">"&0,'GRUPO E · Germany'!E3:E22) -> 18 | F20: =SUM('GRUPO E · Germany'!F3:F22) -> 18 | G20: =SUM('GRUPO E · Germany'!G3:G22) -> 0
A21: GRUPO E · Curaçao | B21: 20 | C21: =COUNTIF('GRUPO E · Curaçao'!C3:C22,"") -> 0 | D21: =COUNTIF('GRUPO E · Curaçao'!D3:D22,"X") -> 0 | E21: =SUMIF('GRUPO E · Curaçao'!E3:E22,">"&0,'GRUPO E · Curaçao'!E3:E22) -> 16 | F21: =SUM('GRUPO E · Curaçao'!F3:F22) -> 16 | G21: =SUM('GRUPO E · Curaçao'!G3:G22) -> 0
A22: GRUPO E · Cote dIvoire | B22: 20 | C22: =COUNTIF('GRUPO E · Cote dIvoire'!C3:C22,"") -> 0 | D22: =COUNTIF('GRUPO E · Cote dIvoire'!D3:D22,"X") -> 0 | E22: =SUMIF('GRUPO E · Cote dIvoire'!E3:E22,">"&0,'GRUPO E · Cote dIvoire'!E3:E22) -> 18 | F22: =SUM('GRUPO E · Cote dIvoire'!F3:F22) -> 18 | G22: =SUM('GRUPO E · Cote dIvoire'!G3:G22) -> 0
A23: GRUPO E · Ecuador | B23: 20 | C23: =COUNTIF('GRUPO E · Ecuador'!C3:C22,"") -> 0 | D23: =COUNTIF('GRUPO E · Ecuador'!D3:D22,"X") -> 0 | E23: =SUMIF('GRUPO E · Ecuador'!E3:E22,">"&0,'GRUPO E · Ecuador'!E3:E22) -> 20 | F23: =SUM('GRUPO E · Ecuador'!F3:F22) -> 20 | G23: =SUM('GRUPO E · Ecuador'!G3:G22) -> 0
A24: GRUPO F · Netherlands | B24: 20 | C24: =COUNTIF('GRUPO F · Netherlands'!C3:C22,"") -> 0 | D24: =COUNTIF('GRUPO F · Netherlands'!D3:D22,"X") -> 0 | E24: =SUMIF('GRUPO F · Netherlands'!E3:E22,">"&0,'GRUPO F · Netherlands'!E3:E22) -> 15 | F24: =SUM('GRUPO F · Netherlands'!F3:F22) -> 15 | G24: =SUM('GRUPO F · Netherlands'!G3:G22) -> 0
A25: GRUPO F · Japan | B25: 20 | C25: =COUNTIF('GRUPO F · Japan'!C3:C22,"") -> 0 | D25: =COUNTIF('GRUPO F · Japan'!D3:D22,"X") -> 0 | E25: =SUMIF('GRUPO F · Japan'!E3:E22,">"&0,'GRUPO F · Japan'!E3:E22) -> 15 | F25: =SUM('GRUPO F · Japan'!F3:F22) -> 15 | G25: =SUM('GRUPO F · Japan'!G3:G22) -> 0
A26: GRUPO F · Sweden | B26: 20 | C26: =COUNTIF('GRUPO F · Sweden'!C3:C22,"") -> 0 | D26: =COUNTIF('GRUPO F · Sweden'!D3:D22,"X") -> 0 | E26: =SUMIF('GRUPO F · Sweden'!E3:E22,">"&0,'GRUPO F · Sweden'!E3:E22) -> 14 | F26: =SUM('GRUPO F · Sweden'!F3:F22) -> 14 | G26: =SUM('GRUPO F · Sweden'!G3:G22) -> 0
A27: GRUPO F · Tunisia | B27: 20 | C27: =COUNTIF('GRUPO F · Tunisia'!C3:C22,"") -> 0 | D27: =COUNTIF('GRUPO F · Tunisia'!D3:D22,"X") -> 0 | E27: =SUMIF('GRUPO F · Tunisia'!E3:E22,">"&0,'GRUPO F · Tunisia'!E3:E22) -> 9 | F27: =SUM('GRUPO F · Tunisia'!F3:F22) -> 9 | G27: =SUM('GRUPO F · Tunisia'!G3:G22) -> 0
A28: GRUPO G · Belgium | B28: 20 | C28: =COUNTIF('GRUPO G · Belgium'!C3:C22,"") -> 0 | D28: =COUNTIF('GRUPO G · Belgium'!D3:D22,"X") -> 0 | E28: =SUMIF('GRUPO G · Belgium'!E3:E22,">"&0,'GRUPO G · Belgium'!E3:E22) -> 18 | F28: =SUM('GRUPO G · Belgium'!F3:F22) -> 18 | G28: =SUM('GRUPO G · Belgium'!G3:G22) -> 0
A29: GRUPO G · Egypt | B29: 20 | C29: =COUNTIF('GRUPO G · Egypt'!C3:C22,"") -> 0 | D29: =COUNTIF('GRUPO G · Egypt'!D3:D22,"X") -> 0 | E29: =SUMIF('GRUPO G · Egypt'!E3:E22,">"&0,'GRUPO G · Egypt'!E3:E22) -> 12 | F29: =SUM('GRUPO G · Egypt'!F3:F22) -> 12 | G29: =SUM('GRUPO G · Egypt'!G3:G22) -> 0
A30: GRUPO G · IR Iran | B30: 20 | C30: =COUNTIF('GRUPO G · IR Iran'!C3:C22,"") -> 0 | D30: =COUNTIF('GRUPO G · IR Iran'!D3:D22,"X") -> 0 | E30: =SUMIF('GRUPO G · IR Iran'!E3:E22,">"&0,'GRUPO G · IR Iran'!E3:E22) -> 18 | F30: =SUM('GRUPO G · IR Iran'!F3:F22) -> 18 | G30: =SUM('GRUPO G · IR Iran'!G3:G22) -> 0
A31: GRUPO G · New Zealand | B31: 20 | C31: =COUNTIF('GRUPO G · New Zealand'!C3:C22,"") -> 0 | D31: =COUNTIF('GRUPO G · New Zealand'!D3:D22,"X") -> 0 | E31: =SUMIF('GRUPO G · New Zealand'!E3:E22,">"&0,'GRUPO G · New Zealand'!E3:E22) -> 14 | F31: =SUM('GRUPO G · New Zealand'!F3:F22) -> 14 | G31: =SUM('GRUPO G · New Zealand'!G3:G22) -> 0
A32: GRUPO H · España | B32: 20 | C32: =COUNTIF('GRUPO H · España'!C3:C22,"") -> 0 | D32: =COUNTIF('GRUPO H · España'!D3:D22,"X") -> 0 | E32: =SUMIF('GRUPO H · España'!E3:E22,">"&0,'GRUPO H · España'!E3:E22) -> 12 | F32: =SUM('GRUPO H · España'!F3:F22) -> 12 | G32: =SUM('GRUPO H · España'!G3:G22) -> 0
A33: GRUPO H · Cabo Verde | B33: 20 | C33: =COUNTIF('GRUPO H · Cabo Verde'!C3:C22,"") -> 0 | D33: =COUNTIF('GRUPO H · Cabo Verde'!D3:D22,"X") -> 0 | E33: =SUMIF('GRUPO H · Cabo Verde'!E3:E22,">"&0,'GRUPO H · Cabo Verde'!E3:E22) -> 20 | F33: =SUM('GRUPO H · Cabo Verde'!F3:F22) -> 20 | G33: =SUM('GRUPO H · Cabo Verde'!G3:G22) -> 0
A34: GRUPO H · Saudi Arabia | B34: 20 | C34: =COUNTIF('GRUPO H · Saudi Arabia'!C3:C22,"") -> 0 | D34: =COUNTIF('GRUPO H · Saudi Arabia'!D3:D22,"X") -> 0 | E34: =SUMIF('GRUPO H · Saudi Arabia'!E3:E22,">"&0,'GRUPO H · Saudi Arabia'!E3:E22) -> 16 | F34: =SUM('GRUPO H · Saudi Arabia'!F3:F22) -> 16 | G34: =SUM('GRUPO H · Saudi Arabia'!G3:G22) -> 0
A35: GRUPO H · Uruguay | B35: 20 | C35: =COUNTIF('GRUPO H · Uruguay'!C3:C22,"") -> 0 | D35: =COUNTIF('GRUPO H · Uruguay'!D3:D22,"X") -> 0 | E35: =SUMIF('GRUPO H · Uruguay'!E3:E22,">"&0,'GRUPO H · Uruguay'!E3:E22) -> 15 | F35: =SUM('GRUPO H · Uruguay'!F3:F22) -> 15 | G35: =SUM('GRUPO H · Uruguay'!G3:G22) -> 0
A36: GRUPO I · France | B36: 20 | C36: =COUNTIF('GRUPO I · France'!C3:C22,"") -> 0 | D36: =COUNTIF('GRUPO I · France'!D3:D22,"X") -> 0 | E36: =SUMIF('GRUPO I · France'!E3:E22,">"&0,'GRUPO I · France'!E3:E22) -> 7 | F36: =SUM('GRUPO I · France'!F3:F22) -> 7 | G36: =SUM('GRUPO I · France'!G3:G22) -> 0
A37: GRUPO I · Senegal | B37: 20 | C37: =COUNTIF('GRUPO I · Senegal'!C3:C22,"") -> 0 | D37: =COUNTIF('GRUPO I · Senegal'!D3:D22,"X") -> 0 | E37: =SUMIF('GRUPO I · Senegal'!E3:E22,">"&0,'GRUPO I · Senegal'!E3:E22) -> 11 | F37: =SUM('GRUPO I · Senegal'!F3:F22) -> 11 | G37: =SUM('GRUPO I · Senegal'!G3:G22) -> 0
A38: GRUPO I · Iraq | B38: 20 | C38: =COUNTIF('GRUPO I · Iraq'!C3:C22,"") -> 0 | D38: =COUNTIF('GRUPO I · Iraq'!D3:D22,"X") -> 0 | E38: =SUMIF('GRUPO I · Iraq'!E3:E22,">"&0,'GRUPO I · Iraq'!E3:E22) -> 19 | F38: =SUM('GRUPO I · Iraq'!F3:F22) -> 19 | G38: =SUM('GRUPO I · Iraq'!G3:G22) -> 0
A39: GRUPO I · Norway | B39: 20 | C39: =COUNTIF('GRUPO I · Norway'!C3:C22,"") -> 0 | D39: =COUNTIF('GRUPO I · Norway'!D3:D22,"X") -> 0 | E39: =SUMIF('GRUPO I · Norway'!E3:E22,">"&0,'GRUPO I · Norway'!E3:E22) -> 12 | F39: =SUM('GRUPO I · Norway'!F3:F22) -> 12 | G39: =SUM('GRUPO I · Norway'!G3:G22) -> 0
A40: GRUPO J · Argentina | B40: 20 | C40: =COUNTIF('GRUPO J · Argentina'!C3:C22,"") -> 0 | D40: =COUNTIF('GRUPO J · Argentina'!D3:D22,"X") -> 0 | E40: =SUMIF('GRUPO J · Argentina'!E3:E22,">"&0,'GRUPO J · Argentina'!E3:E22) -> 19 | F40: =SUM('GRUPO J · Argentina'!F3:F22) -> 19 | G40: =SUM('GRUPO J · Argentina'!G3:G22) -> 0
A41: GRUPO J · Algeria | B41: 20 | C41: =COUNTIF('GRUPO J · Algeria'!C3:C22,"") -> 0 | D41: =COUNTIF('GRUPO J · Algeria'!D3:D22,"X") -> 0 | E41: =SUMIF('GRUPO J · Algeria'!E3:E22,">"&0,'GRUPO J · Algeria'!E3:E22) -> 15 | F41: =SUM('GRUPO J · Algeria'!F3:F22) -> 15 | G41: =SUM('GRUPO J · Algeria'!G3:G22) -> 0
A42: GRUPO J · Austria | B42: 20 | C42: =COUNTIF('GRUPO J · Austria'!C3:C22,"") -> 0 | D42: =COUNTIF('GRUPO J · Austria'!D3:D22,"X") -> 0 | E42: =SUMIF('GRUPO J · Austria'!E3:E22,">"&0,'GRUPO J · Austria'!E3:E22) -> 18 | F42: =SUM('GRUPO J · Austria'!F3:F22) -> 18 | G42: =SUM('GRUPO J · Austria'!G3:G22) -> 0
A43: GRUPO J · Jordan | B43: 20 | C43: =COUNTIF('GRUPO J · Jordan'!C3:C22,"") -> 0 | D43: =COUNTIF('GRUPO J · Jordan'!D3:D22,"X") -> 0 | E43: =SUMIF('GRUPO J · Jordan'!E3:E22,">"&0,'GRUPO J · Jordan'!E3:E22) -> 14 | F43: =SUM('GRUPO J · Jordan'!F3:F22) -> 14 | G43: =SUM('GRUPO J · Jordan'!G3:G22) -> 0
A44: GRUPO K · Portugal | B44: 20 | C44: =COUNTIF('GRUPO K · Portugal'!C3:C22,"") -> 0 | D44: =COUNTIF('GRUPO K · Portugal'!D3:D22,"X") -> 0 | E44: =SUMIF('GRUPO K · Portugal'!E3:E22,">"&0,'GRUPO K · Portugal'!E3:E22) -> 19 | F44: =SUM('GRUPO K · Portugal'!F3:F22) -> 19 | G44: =SUM('GRUPO K · Portugal'!G3:G22) -> 0
A45: GRUPO K · Congo DR | B45: 20 | C45: =COUNTIF('GRUPO K · Congo DR'!C3:C22,"") -> 0 | D45: =COUNTIF('GRUPO K · Congo DR'!D3:D22,"X") -> 0 | E45: =SUMIF('GRUPO K · Congo DR'!E3:E22,">"&0,'GRUPO K · Congo DR'!E3:E22) -> 22 | F45: =SUM('GRUPO K · Congo DR'!F3:F22) -> 22 | G45: =SUM('GRUPO K · Congo DR'!G3:G22) -> 0
A46: GRUPO K · Uzbekistan | B46: 20 | C46: =COUNTIF('GRUPO K · Uzbekistan'!C3:C22,"") -> 0 | D46: =COUNTIF('GRUPO K · Uzbekistan'!D3:D22,"X") -> 0 | E46: =SUMIF('GRUPO K · Uzbekistan'!E3:E22,">"&0,'GRUPO K · Uzbekistan'!E3:E22) -> 18 | F46: =SUM('GRUPO K · Uzbekistan'!F3:F22) -> 18 | G46: =SUM('GRUPO K · Uzbekistan'!G3:G22) -> 0
A47: GRUPO K · Colombia | B47: 20 | C47: =COUNTIF('GRUPO K · Colombia'!C3:C22,"") -> 0 | D47: =COUNTIF('GRUPO K · Colombia'!D3:D22,"X") -> 0 | E47: =SUMIF('GRUPO K · Colombia'!E3:E22,">"&0,'GRUPO K · Colombia'!E3:E22) -> 17 | F47: =SUM('GRUPO K · Colombia'!F3:F22) -> 17 | G47: =SUM('GRUPO K · Colombia'!G3:G22) -> 0
A48: GRUPO L · England | B48: 20 | C48: =COUNTIF('GRUPO L · England'!C3:C22,"") -> 0 | D48: =COUNTIF('GRUPO L · England'!D3:D22,"X") -> 0 | E48: =SUMIF('GRUPO L · England'!E3:E22,">"&0,'GRUPO L · England'!E3:E22) -> 13 | F48: =SUM('GRUPO L · England'!F3:F22) -> 13 | G48: =SUM('GRUPO L · England'!G3:G22) -> 0
A49: GRUPO L · Croatia | B49: 20 | C49: =COUNTIF('GRUPO L · Croatia'!C3:C22,"") -> 0 | D49: =COUNTIF('GRUPO L · Croatia'!D3:D22,"X") -> 0 | E49: =SUMIF('GRUPO L · Croatia'!E3:E22,">"&0,'GRUPO L · Croatia'!E3:E22) -> 14 | F49: =SUM('GRUPO L · Croatia'!F3:F22) -> 14 | G49: =SUM('GRUPO L · Croatia'!G3:G22) -> 0
A50: GRUPO L · Ghana | B50: 20 | C50: =COUNTIF('GRUPO L · Ghana'!C3:C22,"") -> 0 | D50: =COUNTIF('GRUPO L · Ghana'!D3:D22,"X") -> 0 | E50: =SUMIF('GRUPO L · Ghana'!E3:E22,">"&0,'GRUPO L · Ghana'!E3:E22) -> 12 | F50: =SUM('GRUPO L · Ghana'!F3:F22) -> 12 | G50: =SUM('GRUPO L · Ghana'!G3:G22) -> 0
A51: GRUPO L · Panamá | B51: 20 | C51: =COUNTIF('GRUPO L · Panamá'!C3:C22,"") -> 0 | D51: =COUNTIF('GRUPO L · Panamá'!D3:D22,"X") -> 0 | E51: =SUMIF('GRUPO L · Panamá'!E3:E22,">"&0,'GRUPO L · Panamá'!E3:E22) -> 12 | F51: =SUM('GRUPO L · Panamá'!F3:F22) -> 12 | G51: =SUM('GRUPO L · Panamá'!G3:G22) -> 0
A52: FIFA WORLD CUP HISTORY | B52: 11 | C52: =COUNTIF('FIFA WORLD CUP HISTORY'!C3:C13,"") -> 0 | D52: =COUNTIF('FIFA WORLD CUP HISTORY'!D3:D13,"X") -> 0 | E52: =SUMIF('FIFA WORLD CUP HISTORY'!E3:E13,">"&0,'FIFA WORLD CUP HISTORY'!E3:E13) -> 10 | F52: =SUM('FIFA WORLD CUP HISTORY'!F3:F13) -> 10 | G52: =SUM('FIFA WORLD CUP HISTORY'!G3:G13) -> 0
A53: EXTRA STICKERS | B53: 20 | C53: =COUNTIF('EXTRA STICKERS'!C3:C22,"") -> 20 | D53: =COUNTIF('EXTRA STICKERS'!D3:D22,"X") -> 0 | E53: =SUMIF('EXTRA STICKERS'!E3:E22,">"&0,'EXTRA STICKERS'!E3:E22) -> 0 | F53: =SUM('EXTRA STICKERS'!F3:F22) -> 0 | G53: =SUM('EXTRA STICKERS'!G3:G22) -> 0
A54: COCA COLA (Ed. España) | B54: 12 | C54: =COUNTIF('COCA COLA (Ed. España)'!C3:C14,"") -> 0 | D54: =COUNTIF('COCA COLA (Ed. España)'!D3:D14,"X") -> 0 | E54: =SUMIF('COCA COLA (Ed. España)'!E3:E14,">"&0,'COCA COLA (Ed. España)'!E3:E14) -> 7 | F54: =SUM('COCA COLA (Ed. España)'!F3:F14) -> 7 | G54: =SUM('COCA COLA (Ed. España)'!G3:G14) -> 0
A55: TOTAL | B55: =SUM(B3:B54) -> 1012 | C55: =SUM(C3:C54) -> 20 | D55: =SUM(D3:D54) -> 0 | E55: =SUM(E3:E54) -> 772 | F55: =SUM(F3:F54) -> 772 | G55: =SUM(G3:G54) -> 0
A57: 📝 Instrucciones: Pon X en "Tengo" cuando tengas el cromo. Vacío = falta. X en "Pedir" = necesitas conseguirlo. Número en "Repetidos" = copias totales. "Disponibles" se calcula solo (Repetidos - Enviados).

Sheet INTRODUCCIÓN
A1: INTRODUCCIÓN
A2: Código | B2: Jugador / Cromo | C2: Tengo | D2: Pedir | E2: Repetidos | F2: Enviados | G2: Disponibles
A3: 00 | B3: Logo Panini | C3: X | G3: =MAX(0,IF(E3="",0,E3)-IF(F3="",0,F3)) -> 0
A4: FWC1 | B4: Logo Mundial - Parte Superior | C4: X | G4: =MAX(0,IF(E4="",0,E4)-IF(F4="",0,F4)) -> 0
A5: FWC2 | B5: Logo Mundial - Parte Inferior | C5: X | E5: 1 | F5: 1 | G5: =MAX(0,IF(E5="",0,E5)-IF(F5="",0,F5)) -> 0
A6: FWC3 | B6: Official Mascots | C6: X | G6: =MAX(0,IF(E6="",0,E6)-IF(F6="",0,F6)) -> 0
A7: FWC4 | B7: Official Slogan | C7: X | E7: 1 | F7: 1 | G7: =MAX(0,IF(E7="",0,E7)-IF(F7="",0,F7)) -> 0
A8: FWC5 | B8: Official Ball | C8: X | E8: 1 | F8: 1 | G8: =MAX(0,IF(E8="",0,E8)-IF(F8="",0,F8)) -> 0
A9: FWC6 | B9: Canadá - Host Country Emblem | C9: X | E9: 1 | F9: 1 | G9: =MAX(0,IF(E9="",0,E9)-IF(F9="",0,F9)) -> 0
A10: FWC7 | B10: México - Host Country Emblem | C10: X | E10: 1 | F10: 1 | G10: =MAX(0,IF(E10="",0,E10)-IF(F10="",0,F10)) -> 0
A11: FWC8 | B11: USA - Host Country Emblem | C11: X | E11: 3 | F11: 3 | G11: =MAX(0,IF(E11="",0,E11)-IF(F11="",0,F11)) -> 0

Sheet GRUPO A · México
A1: GRUPO A · México
A2: Código | B2: Jugador / Cromo | C2: Tengo | D2: Pedir | E2: Repetidos | F2: Enviados | G2: Disponibles
A3: MEX1 | B3: Escudo | C3: X | G3: =MAX(0,IF(E3="",0,E3)-IF(F3="",0,F3)) -> 0
A4: MEX2 | B4: Luis Malagón | C4: X | G4: =MAX(0,IF(E4="",0,E4)-IF(F4="",0,F4)) -> 0
A5: MEX3 | B5: Johan Vásquez | C5: X | G5: =MAX(0,IF(E5="",0,E5)-IF(F5="",0,F5)) -> 0
A6: MEX4 | B6: Jorge Sánchez | C6: X | G6: =MAX(0,IF(E6="",0,E6)-IF(F6="",0,F6)) -> 0
A7: MEX5 | B7: César Montes | C7: X | G7: =MAX(0,IF(E7="",0,E7)-IF(F7="",0,F7)) -> 0
A8: MEX6 | B8: Jesús Gallardo | C8: X | E8: 2 | F8: 2 | G8: =MAX(0,IF(E8="",0,E8)-IF(F8="",0,F8)) -> 0
A9: MEX7 | B9: Israel Reyes | C9: X | G9: =MAX(0,IF(E9="",0,E9)-IF(F9="",0,F9)) -> 0
A10: MEX8 | B10: Diego Lainez | C10: X | E10: 3 | F10: 3 | G10: =MAX(0,IF(E10="",0,E10)-IF(F10="",0,F10)) -> 0
A11: MEX9 | B11: Carlos Rodríguez | C11: X | G11: =MAX(0,IF(E11="",0,E11)-IF(F11="",0,F11)) -> 0
A12: MEX10 | B12: Edson Álvarez | C12: X | G12: =MAX(0,IF(E12="",0,E12)-IF(F12="",0,F12)) -> 0
A13: MEX11 | B13: Orbelin Pineda | C13: X | E13: 3 | F13: 3 | G13: =MAX(0,IF(E13="",0,E13)-IF(F13="",0,F13)) -> 0
A14: MEX12 | B14: Marcel Ruiz | C14: X | E14: 1 | F14: 1 | G14: =MAX(0,IF(E14="",0,E14)-IF(F14="",0,F14)) -> 0
A15: MEX13 | B15: Foto Equipo | C15: X | G15: =MAX(0,IF(E15="",0,E15)-IF(F15="",0,F15)) -> 0
A16: MEX14 | B16: Érick Sánchez | C16: X | G16: =MAX(0,IF(E16="",0,E16)-IF(F16="",0,F16)) -> 0
A17: MEX15 | B17: Hirving Lozano | C17: X | G17: =MAX(0,IF(E17="",0,E17)-IF(F17="",0,F17)) -> 0
A18: MEX16 | B18: Santiago Giménez | C18: X | E18: 1 | F18: 1 | G18: =MAX(0,IF(E18="",0,E18)-IF(F18="",0,F18)) -> 0
A19: MEX17 | B19: Raúl Jiménez | C19: X | G19: =MAX(0,IF(E19="",0,E19)-IF(F19="",0,F19)) -> 0
A20: MEX18 | B20: Alexis Vega | C20: X | E20: 2 | F20: 2 | G20: =MAX(0,IF(E20="",0,E20)-IF(F20="",0,F20)) -> 0
A21: MEX19 | B21: Roberto Alvarado | C21: X | G21: =MAX(0,IF(E21="",0,E21)-IF(F21="",0,F21)) -> 0
A22: MEX20 | B22: César Huerta | C22: X | G22: =MAX(0,IF(E22="",0,E22)-IF(F22="",0,F22)) -> 0

Sheet GRUPO A · South Africa
A1: GRUPO A · South Africa
A2: Código | B2: Jugador / Cromo | C2: Tengo | D2: Pedir | E2: Repetidos | F2: Enviados | G2: Disponibles
A3: RSA1 | B3: Escudo | C3: X | E3: 2 | F3: 2 | G3: =MAX(0,IF(E3="",0,E3)-IF(F3="",0,F3)) -> 0
A4: RSA2 | B4: Ronwen Williams | C4: X | G4: =MAX(0,IF(E4="",0,E4)-IF(F4="",0,F4)) -> 0
A5: RSA3 | B5: Sipho Chaine | C5: X | G5: =MAX(0,IF(E5="",0,E5)-IF(F5="",0,F5)) -> 0
A6: RSA4 | B6: Aubrey Modiba | C6: X | G6: =MAX(0,IF(E6="",0,E6)-IF(F6="",0,F6)) -> 0
A7: RSA5 | B7: Samukele Kabini | C7: X | G7: =MAX(0,IF(E7="",0,E7)-IF(F7="",0,F7)) -> 0
A8: RSA6 | B8: Mbekezeli Mbokazi | C8: X | E8: 3 | F8: 3 | G8: =MAX(0,IF(E8="",0,E8)-IF(F8="",0,F8)) -> 0
A9: RSA7 | B9: Khulumani Ndamane | C9: X | G9: =MAX(0,IF(E9="",0,E9)-IF(F9="",0,F9)) -> 0
A10: RSA8 | B10: Siyabonga Ngezana | C10: X | E10: 2 | F10: 2 | G10: =MAX(0,IF(E10="",0,E10)-IF(F10="",0,F10)) -> 0
A11: RSA9 | B11: Khuliso Mudau | C11: X | E11: 1 | F11: 1 | G11: =MAX(0,IF(E11="",0,E11)-IF(F11="",0,F11)) -> 0
A12: RSA10 | B12: Nkosinathi Sibisi | C12: X | E12: 1 | F12: 1 | G12: =MAX(0,IF(E12="",0,E12)-IF(F12="",0,F12)) -> 0
A13: RSA11 | B13: Teboho Mokoena | C13: X | G13: =MAX(0,IF(E13="",0,E13)-IF(F13="",0,F13)) -> 0
A14: RSA12 | B14: Thalente Mbatha | C14: X | E14: 1 | F14: 1 | G14: =MAX(0,IF(E14="",0,E14)-IF(F14="",0,F14)) -> 0
A15: RSA13 | B15: Foto Equipo | C15: X | E15: 2 | F15: 2 | G15: =MAX(0,IF(E15="",0,E15)-IF(F15="",0,F15)) -> 0
A16: RSA14 | B16: Bathusi Aubaas | C16: X | E16: 1 | F16: 1 | G16: =MAX(0,IF(E16="",0,E16)-IF(F16="",0,F16)) -> 0
A17: RSA15 | B17: Yaya Sithole | C17: X | G17: =MAX(0,IF(E17="",0,E17)-IF(F17="",0,F17)) -> 0
A18: RSA16 | B18: Sipho Mbule | C18: X | E18: 2 | F18: 2 | G18: =MAX(0,IF(E18="",0,E18)-IF(F18="",0,F18)) -> 0
A19: RSA17 | B19: Lyle Foster | C19: X | E19: 3 | F19: 3 | G19: =MAX(0,IF(E19="",0,E19)-IF(F19="",0,F19)) -> 0
A20: RSA18 | B20: Iqraam Rayners | C20: X | G20: =MAX(0,IF(E20="",0,E20)-IF(F20="",0,F20)) -> 0
A21: RSA19 | B21: Mohau Nkota | C21: X | E21: 1 | F21: 1 | G21: =MAX(0,IF(E21="",0,E21)-IF(F21="",0,F21)) -> 0
A22: RSA20 | B22: Oswin Appollis | C22: X | E22: 1 | F22: 1 | G22: =MAX(0,IF(E22="",0,E22)-IF(F22="",0,F22)) -> 0

Sheet GRUPO A · Korea Republic
A1: GRUPO A · Korea Republic
A2: Código | B2: Jugador / Cromo | C2: Tengo | D2: Pedir | E2: Repetidos | F2: Enviados | G2: Disponibles
A3: KOR1 | B3: Escudo | C3: X | G3: =MAX(0,IF(E3="",0,E3)-IF(F3="",0,F3)) -> 0
A4: KOR2 | B4: Hyeonwoo Jo | C4: X | G4: =MAX(0,IF(E4="",0,E4)-IF(F4="",0,F4)) -> 0
A5: KOR3 | B5: Seunggyu Kim | C5: X | E5: 1 | F5: 1 | G5: =MAX(0,IF(E5="",0,E5)-IF(F5="",0,F5)) -> 0
A6: KOR4 | B6: Minjae Kim | C6: X | E6: 1 | F6: 1 | G6: =MAX(0,IF(E6="",0,E6)-IF(F6="",0,F6)) -> 0
A7: KOR5 | B7: Yumin Cho | C7: X | E7: 3 | F7: 3 | G7: =MAX(0,IF(E7="",0,E7)-IF(F7="",0,F7)) -> 0
A8: KOR6 | B8: Youngwoo Seol | C8: X | E8: 2 | F8: 2 | G8: =MAX(0,IF(E8="",0,E8)-IF(F8="",0,F8)) -> 0
A9: KOR7 | B9: Hanbeom Lee | C9: X | E9: 1 | F9: 1 | G9: =MAX(0,IF(E9="",0,E9)-IF(F9="",0,F9)) -> 0
A10: KOR8 | B10: Taeseok Lee | C10: X | G10: =MAX(0,IF(E10="",0,E10)-IF(F10="",0,F10)) -> 0
A11: KOR9 | B11: Myungjae Lee | C11: X | E11: 2 | F11: 2 | G11: =MAX(0,IF(E11="",0,E11)-IF(F11="",0,F11)) -> 0
A12: KOR10 | B12: Jaesung Lee | C12: X | G12: =MAX(0,IF(E12="",0,E12)-IF(F12="",0,F12)) -> 0
A13: KOR11 | B13: Inbeom Hwang | C13: X | G13: =MAX(0,IF(E13="",0,E13)-IF(F13="",0,F13)) -> 0
A14: KOR12 | B14: Kangin Lee | C14: X | E14: 1 | F14: 1 | G14: =MAX(0,IF(E14="",0,E14)-IF(F14="",0,F14)) -> 0
A15: KOR13 | B15: Foto Equipo | C15: X | G15: =MAX(0,IF(E15="",0,E15)-IF(F15="",0,F15)) -> 0
A16: KOR14 | B16: Seungho Paik | C16: X | E16: 1 | F16: 1 | G16: =MAX(0,IF(E16="",0,E16)-IF(F16="",0,F16)) -> 0
A17: KOR15 | B17: Jens Castrop | C17: X | G17: =MAX(0,IF(E17="",0,E17)-IF(F17="",0,F17)) -> 0
A18: KOR16 | B18: Donggyeong Lee | C18: X | G18: =MAX(0,IF(E18="",0,E18)-IF(F18="",0,F18)) -> 0
A19: KOR17 | B19: Guesung Cho | C19: X | E19: 1 | F19: 1 | G19: =MAX(0,IF(E19="",0,E19)-IF(F19="",0,F19)) -> 0
A20: KOR18 | B20: Heungmin Son | C20: X | E20: 2 | F20: 2 | G20: =MAX(0,IF(E20="",0,E20)-IF(F20="",0,F20)) -> 0
A21: KOR19 | B21: Heechan Hwang | C21: X | E21: 3 | F21: 3 | G21: =MAX(0,IF(E21="",0,E21)-IF(F21="",0,F21)) -> 0
A22: KOR20 | B22: Hyeongyu Oh | C22: X | G22: =MAX(0,IF(E22="",0,E22)-IF(F22="",0,F22)) -> 0

Sheet GRUPO A · Czechia
A1: GRUPO A · Czechia
A2: Código | B2: Jugador / Cromo | C2: Tengo | D2: Pedir | E2: Repetidos | F2: Enviados | G2: Disponibles
A3: CZE1 | B3: Escudo | C3: X | E3: 1 | F3: 1 | G3: =MAX(0,IF(E3="",0,E3)-IF(F3="",0,F3)) -> 0
A4: CZE2 | B4: Matěj Kovář | C4: X | G4: =MAX(0,IF(E4="",0,E4)-IF(F4="",0,F4)) -> 0
A5: CZE3 | B5: Jindřich Staněk | C5: X | G5: =MAX(0,IF(E5="",0,E5)-IF(F5="",0,F5)) -> 0
A6: CZE4 | B6: Ladislav Krejčí | C6: X | E6: 1 | F6: 1 | G6: =MAX(0,IF(E6="",0,E6)-IF(F6="",0,F6)) -> 0
A7: CZE5 | B7: Vladimír Coufal | C7: X | G7: =MAX(0,IF(E7="",0,E7)-IF(F7="",0,F7)) -> 0
A8: CZE6 | B8: Jaroslav Zelený | C8: X | E8: 2 | F8: 2 | G8: =MAX(0,IF(E8="",0,E8)-IF(F8="",0,F8)) -> 0
A9: CZE7 | B9: Tomáš Holeš | C9: X | E9: 1 | F9: 1 | G9: =MAX(0,IF(E9="",0,E9)-IF(F9="",0,F9)) -> 0
A10: CZE8 | B10: David Zima | C10: X | E10: 1 | F10: 1 | G10: =MAX(0,IF(E10="",0,E10)-IF(F10="",0,F10)) -> 0
A11: CZE9 | B11: Michal Sadílek | C11: X | E11: 3 | F11: 3 | G11: =MAX(0,IF(E11="",0,E11)-IF(F11="",0,F11)) -> 0
A12: CZE10 | B12: Lukáš Provod | C12: X | E12: 1 | F12: 1 | G12: =MAX(0,IF(E12="",0,E12)-IF(F12="",0,F12)) -> 0
A13: CZE11 | B13: Lukáš Červ | C13: X | G13: =MAX(0,IF(E13="",0,E13)-IF(F13="",0,F13)) -> 0
A14: CZE12 | B14: Tomáš Souček | C14: X | E14: 4 | F14: 4 | G14: =MAX(0,IF(E14="",0,E14)-IF(F14="",0,F14)) -> 0
A15: CZE13 | B15: Foto Equipo | C15: X | G15: =MAX(0,IF(E15="",0,E15)-IF(F15="",0,F15)) -> 0
A16: CZE14 | B16: Pavel Šulc | C16: X | E16: 1 | F16: 1 | G16: =MAX(0,IF(E16="",0,E16)-IF(F16="",0,F16)) -> 0
A17: CZE15 | B17: Matěj Vydra | C17: X | G17: =MAX(0,IF(E17="",0,E17)-IF(F17="",0,F17)) -> 0
A18: CZE16 | B18: Vasil Kušej | C18: X | G18: =MAX(0,IF(E18="",0,E18)-IF(F18="",0,F18)) -> 0
A19: CZE17 | B19: Tomáš Chorý | C19: X | G19: =MAX(0,IF(E19="",0,E19)-IF(F19="",0,F19)) -> 0
A20: CZE18 | B20: Václav Černý | C20: X | E20: 1 | F20: 1 | G20: =MAX(0,IF(E20="",0,E20)-IF(F20="",0,F20)) -> 0
A21: CZE19 | B21: Adam Hložek | C21: X | G21: =MAX(0,IF(E21="",0,E21)-IF(F21="",0,F21)) -> 0
A22: CZE20 | B22: Patrik Schick | C22: X | E22: 2 | F22: 2 | G22: =MAX(0,IF(E22="",0,E22)-IF(F22="",0,F22)) -> 0

Sheet GRUPO B · Canadá
A1: GRUPO B · Canadá
A2: Código | B2: Jugador / Cromo | C2: Tengo | D2: Pedir | E2: Repetidos | F2: Enviados | G2: Disponibles
A3: CAN1 | B3: Escudo | C3: X | G3: =MAX(0,IF(E3="",0,E3)-IF(F3="",0,F3)) -> 0
A4: CAN2 | B4: Dayne St. Clair | C4: X | E4: 1 | F4: 1 | G4: =MAX(0,IF(E4="",0,E4)-IF(F4="",0,F4)) -> 0
A5: CAN3 | B5: Alphonso Davies | C5: X | E5: 1 | F5: 1 | G5: =MAX(0,IF(E5="",0,E5)-IF(F5="",0,F5)) -> 0
A6: CAN4 | B6: Alistair Johnston | C6: X | E6: 3 | F6: 3 | G6: =MAX(0,IF(E6="",0,E6)-IF(F6="",0,F6)) -> 0
A7: CAN5 | B7: Samuel Adekugbe | C7: X | G7: =MAX(0,IF(E7="",0,E7)-IF(F7="",0,F7)) -> 0
A8: CAN6 | B8: Samuel Richie Larvea | C8: X | E8: 1 | F8: 1 | G8: =MAX(0,IF(E8="",0,E8)-IF(F8="",0,F8)) -> 0
A9: CAN7 | B9: Derek Cornelius | C9: X | G9: =MAX(0,IF(E9="",0,E9)-IF(F9="",0,F9)) -> 0
A10: CAN8 | B10: Moïse Bombito | C10: X | G10: =MAX(0,IF(E10="",0,E10)-IF(F10="",0,F10)) -> 0
A11: CAN9 | B11: Kamal Miller | C11: X | E11: 1 | F11: 1 | G11: =MAX(0,IF(E11="",0,E11)-IF(F11="",0,F11)) -> 0
A12: CAN10 | B12: Stephen Eustáquio | C12: X | G12: =MAX(0,IF(E12="",0,E12)-IF(F12="",0,F12)) -> 0
A13: CAN11 | B13: Ismaël Koné | C13: X | E13: 3 | F13: 3 | G13: =MAX(0,IF(E13="",0,E13)-IF(F13="",0,F13)) -> 0
A14: CAN12 | B14: Jonathan Osorio | C14: X | G14: =MAX(0,IF(E14="",0,E14)-IF(F14="",0,F14)) -> 0
A15: CAN13 | B15: Foto Equipo | C15: X | G15: =MAX(0,IF(E15="",0,E15)-IF(F15="",0,F15)) -> 0
A16: CAN14 | B16: Jacob Shaffelburg | C16: X | G16: =MAX(0,IF(E16="",0,E16)-IF(F16="",0,F16)) -> 0
A17: CAN15 | B17: Mathieu Choinière | C17: X | E17: 1 | F17: 1 | G17: =MAX(0,IF(E17="",0,E17)-IF(F17="",0,F17)) -> 0
A18: CAN16 | B18: Niko Sigur | C18: X | G18: =MAX(0,IF(E18="",0,E18)-IF(F18="",0,F18)) -> 0
A19: CAN17 | B19: Tajon Buchanan | C19: X | E19: 2 | F19: 2 | G19: =MAX(0,IF(E19="",0,E19)-IF(F19="",0,F19)) -> 0
A20: CAN18 | B20: Liam Millar | C20: X | G20: =MAX(0,IF(E20="",0,E20)-IF(F20="",0,F20)) -> 0
A21: CAN19 | B21: Cyle Larin | C21: X | G21: =MAX(0,IF(E21="",0,E21)-IF(F21="",0,F21)) -> 0
A22: CAN20 | B22: Jonathan David | C22: X | G22: =MAX(0,IF(E22="",0,E22)-IF(F22="",0,F22)) -> 0

Sheet GRUPO B · Bosnia-Herzegovina
A1: GRUPO B · Bosnia-Herzegovina
A2: Código | B2: Jugador / Cromo | C2: Tengo | D2: Pedir | E2: Repetidos | F2: Enviados | G2: Disponibles
A3: BIH1 | B3: Escudo | C3: X | G3: =MAX(0,IF(E3="",0,E3)-IF(F3="",0,F3)) -> 0
A4: BIH2 | B4: Nikola Vasilj | C4: X | E4: 2 | F4: 2 | G4: =MAX(0,IF(E4="",0,E4)-IF(F4="",0,F4)) -> 0
A5: BIH3 | B5: Amar Dedić | C5: X | G5: =MAX(0,IF(E5="",0,E5)-IF(F5="",0,F5)) -> 0
A6: BIH4 | B6: Sead Kolašinac | C6: X | E6: 1 | F6: 1 | G6: =MAX(0,IF(E6="",0,E6)-IF(F6="",0,F6)) -> 0
A7: BIH5 | B7: Tarik Muharemović | C7: X | G7: =MAX(0,IF(E7="",0,E7)-IF(F7="",0,F7)) -> 0
A8: BIH6 | B8: Nihad Mujakić | C8: X | E8: 1 | F8: 1 | G8: =MAX(0,IF(E8="",0,E8)-IF(F8="",0,F8)) -> 0
A9: BIH7 | B9: Nikola Katić | C9: X | G9: =MAX(0,IF(E9="",0,E9)-IF(F9="",0,F9)) -> 0
A10: BIH8 | B10: Amir Hadžiahmetović | C10: X | G10: =MAX(0,IF(E10="",0,E10)-IF(F10="",0,F10)) -> 0
A11: BIH9 | B11: Benjamin Tahirović | C11: X | E11: 1 | F11: 1 | G11: =MAX(0,IF(E11="",0,E11)-IF(F11="",0,F11)) -> 0
A12: BIH10 | B12: Armin Gigović | C12: X | E12: 3 | F12: 3 | G12: =MAX(0,IF(E12="",0,E12)-IF(F12="",0,F12)) -> 0
A13: BIH11 | B13: Ivan Šunjić | C13: X | E13: 1 | F13: 1 | G13: =MAX(0,IF(E13="",0,E13)-IF(F13="",0,F13)) -> 0
A14: BIH12 | B14: Ivan Bašić | C14: X | G14: =MAX(0,IF(E14="",0,E14)-IF(F14="",0,F14)) -> 0
A15: BIH13 | B15: Foto Equipo | C15: X | E15: 4 | F15: 4 | G15: =MAX(0,IF(E15="",0,E15)-IF(F15="",0,F15)) -> 0
A16: BIH14 | B16: Dženis Burnić | C16: X | G16: =MAX(0,IF(E16="",0,E16)-IF(F16="",0,F16)) -> 0
A17: BIH15 | B17: Esmir Bajraktarevic | C17: X | E17: 1 | F17: 1 | G17: =MAX(0,IF(E17="",0,E17)-IF(F17="",0,F17)) -> 0
A18: BIH16 | B18: Amar Memić | C18: X | E18: 2 | F18: 2 | G18: =MAX(0,IF(E18="",0,E18)-IF(F18="",0,F18)) -> 0
A19: BIH17 | B19: Ermedin Demirović | C19: X | E19: 1 | F19: 1 | G19: =MAX(0,IF(E19="",0,E19)-IF(F19="",0,F19)) -> 0
A20: BIH18 | B20: Edin Džeko | C20: X | E20: 3 | F20: 3 | G20: =MAX(0,IF(E20="",0,E20)-IF(F20="",0,F20)) -> 0
A21: BIH19 | B21: Samed Baždar | C21: X | G21: =MAX(0,IF(E21="",0,E21)-IF(F21="",0,F21)) -> 0
A22: BIH20 | B22: Haris Tabaković | C22: X | G22: =MAX(0,IF(E22="",0,E22)-IF(F22="",0,F22)) -> 0

Sheet GRUPO B · Qatar
A1: GRUPO B · Qatar
A2: Código | B2: Jugador / Cromo | C2: Tengo | D2: Pedir | E2: Repetidos | F2: Enviados | G2: Disponibles
A3: QAT1 | B3: Escudo | C3: X | E3: 1 | F3: 1 | G3: =MAX(0,IF(E3="",0,E3)-IF(F3="",0,F3)) -> 0
A4: QAT2 | B4: Meshaal Barsham | C4: X | E4: 1 | F4: 1 | G4: =MAX(0,IF(E4="",0,E4)-IF(F4="",0,F4)) -> 0
A5: QAT3 | B5: Sultan Albrake | C5: X | G5: =MAX(0,IF(E5="",0,E5)-IF(F5="",0,F5)) -> 0
A6: QAT4 | B6: Lucas Mendes | C6: X | E6: 3 | F6: 3 | G6: =MAX(0,IF(E6="",0,E6)-IF(F6="",0,F6)) -> 0
A7: QAT5 | B7: Homam Ahmed | C7: X | E7: 1 | F7: 1 | G7: =MAX(0,IF(E7="",0,E7)-IF(F7="",0,F7)) -> 0
A8: QAT6 | B8: Boualem Khoukhi | C8: X | G8: =MAX(0,IF(E8="",0,E8)-IF(F8="",0,F8)) -> 0
A9: QAT7 | B9: Pedro Miguel | C9: X | G9: =MAX(0,IF(E9="",0,E9)-IF(F9="",0,F9)) -> 0
A10: QAT8 | B10: Tarek Salman | C10: X | E10: 1 | F10: 1 | G10: =MAX(0,IF(E10="",0,E10)-IF(F10="",0,F10)) -> 0
A11: QAT9 | B11: Mohammed Mannai | C11: X | E11: 2 | F11: 2 | G11: =MAX(0,IF(E11="",0,E11)-IF(F11="",0,F11)) -> 0
A12: QAT10 | B12: Karim Boudiaf | C12: X | E12: 1 | F12: 1 | G12: =MAX(0,IF(E12="",0,E12)-IF(F12="",0,F12)) -> 0
A13: QAT11 | B13: Assim Madibo | C13: X | G13: =MAX(0,IF(E13="",0,E13)-IF(F13="",0,F13)) -> 0
A14: QAT12 | B14: Hamed Fatehi | C14: X | G14: =MAX(0,IF(E14="",0,E14)-IF(F14="",0,F14)) -> 0
A15: QAT13 | B15: Foto Equipo | C15: X | G15: =MAX(0,IF(E15="",0,E15)-IF(F15="",0,F15)) -> 0
A16: QAT14 | B16: Mohammed Waad | C16: X | G16: =MAX(0,IF(E16="",0,E16)-IF(F16="",0,F16)) -> 0
A17: QAT15 | B17: Abdulaziz Hatem | C17: X | G17: =MAX(0,IF(E17="",0,E17)-IF(F17="",0,F17)) -> 0
A18: QAT16 | B18: Hassan Al-Haydos | C18: X | G18: =MAX(0,IF(E18="",0,E18)-IF(F18="",0,F18)) -> 0
A19: QAT17 | B19: Edmilson Junior | C19: X | E19: 3 | F19: 3 | G19: =MAX(0,IF(E19="",0,E19)-IF(F19="",0,F19)) -> 0
A20: QAT18 | B20: Akram Hassan Afif | C20: X | E20: 1 | F20: 1 | G20: =MAX(0,IF(E20="",0,E20)-IF(F20="",0,F20)) -> 0
A21: QAT19 | B21: Ahmed Al-Ganehi | C21: X | G21: =MAX(0,IF(E21="",0,E21)-IF(F21="",0,F21)) -> 0
A22: QAT20 | B22: Almoez Ali | C22: X | G22: =MAX(0,IF(E22="",0,E22)-IF(F22="",0,F22)) -> 0

Sheet GRUPO B · Switzerland
A1: GRUPO B · Switzerland
A2: Código | B2: Jugador / Cromo | C2: Tengo | D2: Pedir | E2: Repetidos | F2: Enviados | G2: Disponibles
A3: SUI1 | B3: Escudo | C3: X | E3: 1 | F3: 1 | G3: =MAX(0,IF(E3="",0,E3)-IF(F3="",0,F3)) -> 0
A4: SUI2 | B4: Gregor Kobel | C4: X | G4: =MAX(0,IF(E4="",0,E4)-IF(F4="",0,F4)) -> 0
A5: SUI3 | B5: Yvon Mvogo | C5: X | E5: 1 | F5: 1 | G5: =MAX(0,IF(E5="",0,E5)-IF(F5="",0,F5)) -> 0
A6: SUI4 | B6: Manuel Akanji | C6: X | E6: 2 | F6: 2 | G6: =MAX(0,IF(E6="",0,E6)-IF(F6="",0,F6)) -> 0
A7: SUI5 | B7: Ricardo Rodríguez | C7: X | E7: 1 | F7: 1 | G7: =MAX(0,IF(E7="",0,E7)-IF(F7="",0,F7)) -> 0
A8: SUI6 | B8: Nico Elvedi | C8: X | E8: 1 | F8: 1 | G8: =MAX(0,IF(E8="",0,E8)-IF(F8="",0,F8)) -> 0
A9: SUI7 | B9: Aurèle Amenda | C9: X | G9: =MAX(0,IF(E9="",0,E9)-IF(F9="",0,F9)) -> 0
A10: SUI8 | B10: Silvan Widmer | C10: X | G10: =MAX(0,IF(E10="",0,E10)-IF(F10="",0,F10)) -> 0
A11: SUI9 | B11: Granit Xhaka | C11: X | G11: =MAX(0,IF(E11="",0,E11)-IF(F11="",0,F11)) -> 0
A12: SUI10 | B12: Denis Zakaria | C12: X | E12: 1 | F12: 1 | G12: =MAX(0,IF(E12="",0,E12)-IF(F12="",0,F12)) -> 0
A13: SUI11 | B13: Remo Freuler | C13: X | G13: =MAX(0,IF(E13="",0,E13)-IF(F13="",0,F13)) -> 0
A14: SUI12 | B14: Fabian Rieder | C14: X | G14: =MAX(0,IF(E14="",0,E14)-IF(F14="",0,F14)) -> 0
A15: SUI13 | B15: Foto Equipo | C15: X | E15: 1 | F15: 1 | G15: =MAX(0,IF(E15="",0,E15)-IF(F15="",0,F15)) -> 0
A16: SUI14 | B16: Ardon Jashari | C16: X | G16: =MAX(0,IF(E16="",0,E16)-IF(F16="",0,F16)) -> 0
A17: SUI15 | B17: Johan Manzambi | C17: X | E17: 1 | F17: 1 | G17: =MAX(0,IF(E17="",0,E17)-IF(F17="",0,F17)) -> 0
A18: SUI16 | B18: Michel Aebischer | C18: X | G18: =MAX(0,IF(E18="",0,E18)-IF(F18="",0,F18)) -> 0
A19: SUI17 | B19: Breel Embolo | C19: X | G19: =MAX(0,IF(E19="",0,E19)-IF(F19="",0,F19)) -> 0
A20: SUI18 | B20: Rubén Vargas | C20: X | E20: 1 | F20: 1 | G20: =MAX(0,IF(E20="",0,E20)-IF(F20="",0,F20)) -> 0
A21: SUI19 | B21: Dan Ndoye | C21: X | E21: 2 | F21: 2 | G21: =MAX(0,IF(E21="",0,E21)-IF(F21="",0,F21)) -> 0
A22: SUI20 | B22: Zeki Amdouni | C22: X | E22: 2 | F22: 2 | G22: =MAX(0,IF(E22="",0,E22)-IF(F22="",0,F22)) -> 0

Sheet GRUPO C · Brazil
A1: GRUPO C · Brazil
A2: Código | B2: Jugador / Cromo | C2: Tengo | D2: Pedir | E2: Repetidos | F2: Enviados | G2: Disponibles
A3: BRA1 | B3: Escudo | C3: X | E3: 1 | F3: 1 | G3: =MAX(0,IF(E3="",0,E3)-IF(F3="",0,F3)) -> 0
A4: BRA2 | B4: Alisson | C4: X | G4: =MAX(0,IF(E4="",0,E4)-IF(F4="",0,F4)) -> 0
A5: BRA3 | B5: Bento | C5: X | E5: 2 | F5: 2 | G5: =MAX(0,IF(E5="",0,E5)-IF(F5="",0,F5)) -> 0
A6: BRA4 | B6: Marquinhos | C6: X | G6: =MAX(0,IF(E6="",0,E6)-IF(F6="",0,F6)) -> 0
A7: BRA5 | B7: Éder Militão | C7: X | E7: 1 | F7: 1 | G7: =MAX(0,IF(E7="",0,E7)-IF(F7="",0,F7)) -> 0
A8: BRA6 | B8: Gabriel Magalhães | C8: X | E8: 1 | F8: 1 | G8: =MAX(0,IF(E8="",0,E8)-IF(F8="",0,F8)) -> 0
A9: BRA7 | B9: Danilo | C9: X | G9: =MAX(0,IF(E9="",0,E9)-IF(F9="",0,F9)) -> 0
A10: BRA8 | B10: Wesley | C10: X | E10: 1 | F10: 1 | G10: =MAX(0,IF(E10="",0,E10)-IF(F10="",0,F10)) -> 0
A11: BRA9 | B11: Lucas Paquetá | C11: X | E11: 3 | F11: 3 | G11: =MAX(0,IF(E11="",0,E11)-IF(F11="",0,F11)) -> 0
A12: BRA10 | B12: Casemiro | C12: X | G12: =MAX(0,IF(E12="",0,E12)-IF(F12="",0,F12)) -> 0
A13: BRA11 | B13: Bruno Guimarães | C13: X | G13: =MAX(0,IF(E13="",0,E13)-IF(F13="",0,F13)) -> 0
A14: BRA12 | B14: Luiz Henrique | C14: X | G14: =MAX(0,IF(E14="",0,E14)-IF(F14="",0,F14)) -> 0
A15: BRA13 | B15: Foto Equipo | C15: X | E15: 1 | F15: 1 | G15: =MAX(0,IF(E15="",0,E15)-IF(F15="",0,F15)) -> 0
A16: BRA14 | B16: Vinicius Júnior | C16: X | G16: =MAX(0,IF(E16="",0,E16)-IF(F16="",0,F16)) -> 0
A17: BRA15 | B17: Rodrygo | C17: X | E17: 1 | F17: 1 | G17: =MAX(0,IF(E17="",0,E17)-IF(F17="",0,F17)) -> 0
A18: BRA16 | B18: João Pedro | C18: X | E18: 2 | F18: 2 | G18: =MAX(0,IF(E18="",0,E18)-IF(F18="",0,F18)) -> 0
A19: BRA17 | B19: Matheus Cunha | C19: X | E19: 1 | F19: 1 | G19: =MAX(0,IF(E19="",0,E19)-IF(F19="",0,F19)) -> 0
A20: BRA18 | B20: Gabriel Martinelli | C20: X | G20: =MAX(0,IF(E20="",0,E20)-IF(F20="",0,F20)) -> 0
A21: BRA19 | B21: Raphinha | C21: X | E21: 2 | F21: 2 | G21: =MAX(0,IF(E21="",0,E21)-IF(F21="",0,F21)) -> 0
A22: BRA20 | B22: Estévão | C22: X | E22: 1 | F22: 1 | G22: =MAX(0,IF(E22="",0,E22)-IF(F22="",0,F22)) -> 0

Sheet GRUPO C · Morocco
A1: GRUPO C · Morocco
A2: Código | B2: Jugador / Cromo | C2: Tengo | D2: Pedir | E2: Repetidos | F2: Enviados | G2: Disponibles
A3: MAR1 | B3: Escudo | C3: X | G3: =MAX(0,IF(E3="",0,E3)-IF(F3="",0,F3)) -> 0
A4: MAR2 | B4: Yassine Bounou | C4: X | E4: 1 | F4: 1 | G4: =MAX(0,IF(E4="",0,E4)-IF(F4="",0,F4)) -> 0
A5: MAR3 | B5: Munir El Kajoui | C5: X | G5: =MAX(0,IF(E5="",0,E5)-IF(F5="",0,F5)) -> 0
A6: MAR4 | B6: Achraf Hakimi | C6: X | E6: 1 | F6: 1 | G6: =MAX(0,IF(E6="",0,E6)-IF(F6="",0,F6)) -> 0
A7: MAR5 | B7: Noussair Mazraoui | C7: X | E7: 2 | F7: 2 | G7: =MAX(0,IF(E7="",0,E7)-IF(F7="",0,F7)) -> 0
A8: MAR6 | B8: Nayef Aguerd | C8: X | E8: 3 | F8: 3 | G8: =MAX(0,IF(E8="",0,E8)-IF(F8="",0,F8)) -> 0
A9: MAR7 | B9: Romain Saïss | C9: X | G9: =MAX(0,IF(E9="",0,E9)-IF(F9="",0,F9)) -> 0
A10: MAR8 | B10: Jawad El Yamiq | C10: X | G10: =MAX(0,IF(E10="",0,E10)-IF(F10="",0,F10)) -> 0
A11: MAR9 | B11: Adam Masina | C11: X | G11: =MAX(0,IF(E11="",0,E11)-IF(F11="",0,F11)) -> 0
A12: MAR10 | B12: Sofyan Amrabat | C12: X | G12: =MAX(0,IF(E12="",0,E12)-IF(F12="",0,F12)) -> 0
A13: MAR11 | B13: Azzedine Ounahi | C13: X | G13: =MAX(0,IF(E13="",0,E13)-IF(F13="",0,F13)) -> 0
A14: MAR12 | B14: Eliesse Ben Seghir | C14: X | E14: 1 | F14: 1 | G14: =MAX(0,IF(E14="",0,E14)-IF(F14="",0,F14)) -> 0
A15: MAR13 | B15: Foto Equipo | C15: X | E15: 1 | F15: 1 | G15: =MAX(0,IF(E15="",0,E15)-IF(F15="",0,F15)) -> 0
A16: MAR14 | B16: Bilal El Khannouss | C16: X | E16: 1 | F16: 1 | G16: =MAX(0,IF(E16="",0,E16)-IF(F16="",0,F16)) -> 0
A17: MAR15 | B17: Ismael Saibari | C17: X | G17: =MAX(0,IF(E17="",0,E17)-IF(F17="",0,F17)) -> 0
A18: MAR16 | B18: Youssef En-Nesyri | C18: X | G18: =MAX(0,IF(E18="",0,E18)-IF(F18="",0,F18)) -> 0
A19: MAR17 | B19: Abde Ezzalzouli | C19: X | E19: 1 | F19: 1 | G19: =MAX(0,IF(E19="",0,E19)-IF(F19="",0,F19)) -> 0
A20: MAR18 | B20: Soufiane Rahimi | C20: X | G20: =MAX(0,IF(E20="",0,E20)-IF(F20="",0,F20)) -> 0
A21: MAR19 | B21: Brahim Díaz | C21: X | E21: 1 | F21: 1 | G21: =MAX(0,IF(E21="",0,E21)-IF(F21="",0,F21)) -> 0
A22: MAR20 | B22: Ayoub El Kaabi | C22: X | G22: =MAX(0,IF(E22="",0,E22)-IF(F22="",0,F22)) -> 0

Sheet GRUPO C · Haiti
A1: GRUPO C · Haiti
A2: Código | B2: Jugador / Cromo | C2: Tengo | D2: Pedir | E2: Repetidos | F2: Enviados | G2: Disponibles
A3: HAI1 | B3: Escudo | C3: X | E3: 1 | F3: 1 | G3: =MAX(0,IF(E3="",0,E3)-IF(F3="",0,F3)) -> 0
A4: HAI2 | B4: Johny Placide | C4: X | E4: 1 | F4: 1 | G4: =MAX(0,IF(E4="",0,E4)-IF(F4="",0,F4)) -> 0
A5: HAI3 | B5: Carlens Arcus | C5: X | E5: 1 | F5: 1 | G5: =MAX(0,IF(E5="",0,E5)-IF(F5="",0,F5)) -> 0
A6: HAI4 | B6: Martin Expérience | C6: X | E6: 1 | F6: 1 | G6: =MAX(0,IF(E6="",0,E6)-IF(F6="",0,F6)) -> 0
A7: HAI5 | B7: Jean-Kévin Duverne | C7: X | E7: 1 | F7: 1 | G7: =MAX(0,IF(E7="",0,E7)-IF(F7="",0,F7)) -> 0
A8: HAI6 | B8: Ricardo Adé | C8: X | E8: 1 | F8: 1 | G8: =MAX(0,IF(E8="",0,E8)-IF(F8="",0,F8)) -> 0
A9: HAI7 | B9: Duke Lacroix | C9: X | G9: =MAX(0,IF(E9="",0,E9)-IF(F9="",0,F9)) -> 0
A10: HAI8 | B10: Garven Metusala | C10: X | E10: 2 | F10: 2 | G10: =MAX(0,IF(E10="",0,E10)-IF(F10="",0,F10)) -> 0
A11: HAI9 | B11: Hannes Delcroix | C11: X | G11: =MAX(0,IF(E11="",0,E11)-IF(F11="",0,F11)) -> 0
A12: HAI10 | B12: Leverton Pierre | C12: X | E12: 1 | F12: 1 | G12: =MAX(0,IF(E12="",0,E12)-IF(F12="",0,F12)) -> 0
A13: HAI11 | B13: Danley Jean Jacques | C13: X | G13: =MAX(0,IF(E13="",0,E13)-IF(F13="",0,F13)) -> 0
A14: HAI12 | B14: Jean-Ricner Bellegarde | C14: X | G14: =MAX(0,IF(E14="",0,E14)-IF(F14="",0,F14)) -> 0
A15: HAI13 | B15: Foto Equipo | C15: X | G15: =MAX(0,IF(E15="",0,E15)-IF(F15="",0,F15)) -> 0
A16: HAI14 | B16: Christopher Attys | C16: X | G16: =MAX(0,IF(E16="",0,E16)-IF(F16="",0,F16)) -> 0
A17: HAI15 | B17: Derrick Etienne Jr. | C17: X | G17: =MAX(0,IF(E17="",0,E17)-IF(F17="",0,F17)) -> 0
A18: HAI16 | B18: Josué Casimir | C18: X | E18: 1 | F18: 1 | G18: =MAX(0,IF(E18="",0,E18)-IF(F18="",0,F18)) -> 0
A19: HAI17 | B19: Ruben Providence | C19: X | E19: 1 | F19: 1 | G19: =MAX(0,IF(E19="",0,E19)-IF(F19="",0,F19)) -> 0
A20: HAI18 | B20: Duckens Nazon | C20: X | G20: =MAX(0,IF(E20="",0,E20)-IF(F20="",0,F20)) -> 0
A21: HAI19 | B21: Louicius Deedson | C21: X | E21: 1 | F21: 1 | G21: =MAX(0,IF(E21="",0,E21)-IF(F21="",0,F21)) -> 0
A22: HAI20 | B22: Frantzdy Pierrot | C22: X | E22: 3 | F22: 3 | G22: =MAX(0,IF(E22="",0,E22)-IF(F22="",0,F22)) -> 0

Sheet GRUPO C · Scotland
A1: GRUPO C · Scotland
A2: Código | B2: Jugador / Cromo | C2: Tengo | D2: Pedir | E2: Repetidos | F2: Enviados | G2: Disponibles
A3: SCO1 | B3: Escudo | C3: X | G3: =MAX(0,IF(E3="",0,E3)-IF(F3="",0,F3)) -> 0
A4: SCO2 | B4: Angus Gunn | C4: X | E4: 1 | F4: 1 | G4: =MAX(0,IF(E4="",0,E4)-IF(F4="",0,F4)) -> 0
A5: SCO3 | B5: Jack Hendry | C5: X | E5: 2 | F5: 2 | G5: =MAX(0,IF(E5="",0,E5)-IF(F5="",0,F5)) -> 0
A6: SCO4 | B6: Kieran Tierney | C6: X | G6: =MAX(0,IF(E6="",0,E6)-IF(F6="",0,F6)) -> 0
A7: SCO5 | B7: Aaron Hickey | C7: X | G7: =MAX(0,IF(E7="",0,E7)-IF(F7="",0,F7)) -> 0
A8: SCO6 | B8: Andrew Robertson | C8: X | E8: 2 | F8: 2 | G8: =MAX(0,IF(E8="",0,E8)-IF(F8="",0,F8)) -> 0
A9: SCO7 | B9: Scott McKenna | C9: X | G9: =MAX(0,IF(E9="",0,E9)-IF(F9="",0,F9)) -> 0
A10: SCO8 | B10: John Souttar | C10: X | E10: 3 | F10: 3 | G10: =MAX(0,IF(E10="",0,E10)-IF(F10="",0,F10)) -> 0
A11: SCO9 | B11: Anthony Ralston | C11: X | E11: 2 | F11: 2 | G11: =MAX(0,IF(E11="",0,E11)-IF(F11="",0,F11)) -> 0
A12: SCO10 | B12: Grant Hanley | C12: X | G12: =MAX(0,IF(E12="",0,E12)-IF(F12="",0,F12)) -> 0
A13: SCO11 | B13: Scott McTominay | C13: X | E13: 1 | F13: 1 | G13: =MAX(0,IF(E13="",0,E13)-IF(F13="",0,F13)) -> 0
A14: SCO12 | B14: Billy Gilmour | C14: X | G14: =MAX(0,IF(E14="",0,E14)-IF(F14="",0,F14)) -> 0
A15: SCO13 | B15: Foto Equipo | C15: X | E15: 3 | F15: 3 | G15: =MAX(0,IF(E15="",0,E15)-IF(F15="",0,F15)) -> 0
A16: SCO14 | B16: Lewis Ferguson | C16: X | G16: =MAX(0,IF(E16="",0,E16)-IF(F16="",0,F16)) -> 0
A17: SCO15 | B17: Ryan Christie | C17: X | E17: 1 | F17: 1 | G17: =MAX(0,IF(E17="",0,E17)-IF(F17="",0,F17)) -> 0
A18: SCO16 | B18: Kenny McLean | C18: X | G18: =MAX(0,IF(E18="",0,E18)-IF(F18="",0,F18)) -> 0
A19: SCO17 | B19: John McGinn | C19: X | E19: 2 | F19: 2 | G19: =MAX(0,IF(E19="",0,E19)-IF(F19="",0,F19)) -> 0
A20: SCO18 | B20: Lyndon Dykes | C20: X | E20: 2 | F20: 2 | G20: =MAX(0,IF(E20="",0,E20)-IF(F20="",0,F20)) -> 0
A21: SCO19 | B21: Ché Adams | C21: X | E21: 1 | F21: 1 | G21: =MAX(0,IF(E21="",0,E21)-IF(F21="",0,F21)) -> 0
A22: SCO20 | B22: Ben Gannon-Doak | C22: X | G22: =MAX(0,IF(E22="",0,E22)-IF(F22="",0,F22)) -> 0

Sheet GRUPO D · USA
A1: GRUPO D · USA
A2: Código | B2: Jugador / Cromo | C2: Tengo | D2: Pedir | E2: Repetidos | F2: Enviados | G2: Disponibles
A3: USA1 | B3: Escudo | C3: X | E3: 1 | F3: 1 | G3: =MAX(0,IF(E3="",0,E3)-IF(F3="",0,F3)) -> 0
A4: USA2 | B4: Matt Freese | C4: X | G4: =MAX(0,IF(E4="",0,E4)-IF(F4="",0,F4)) -> 0
A5: USA3 | B5: Chris Richards | C5: X | G5: =MAX(0,IF(E5="",0,E5)-IF(F5="",0,F5)) -> 0
A6: USA4 | B6: Tim Ream | C6: X | G6: =MAX(0,IF(E6="",0,E6)-IF(F6="",0,F6)) -> 0
A7: USA5 | B7: Mark McKenzie | C7: X | G7: =MAX(0,IF(E7="",0,E7)-IF(F7="",0,F7)) -> 0
A8: USA6 | B8: Alex Freeman | C8: X | G8: =MAX(0,IF(E8="",0,E8)-IF(F8="",0,F8)) -> 0
A9: USA7 | B9: Antonee Robinson | C9: X | G9: =MAX(0,IF(E9="",0,E9)-IF(F9="",0,F9)) -> 0
A10: USA8 | B10: Tyler Adams | C10: X | G10: =MAX(0,IF(E10="",0,E10)-IF(F10="",0,F10)) -> 0
A11: USA9 | B11: Tanner Tessmann | C11: X | G11: =MAX(0,IF(E11="",0,E11)-IF(F11="",0,F11)) -> 0
A12: USA10 | B12: Weston McKennie | C12: X | E12: 1 | F12: 1 | G12: =MAX(0,IF(E12="",0,E12)-IF(F12="",0,F12)) -> 0
A13: USA11 | B13: Christian Roldan | C13: X | G13: =MAX(0,IF(E13="",0,E13)-IF(F13="",0,F13)) -> 0
A14: USA12 | B14: Timothy Weah | C14: X | E14: 2 | F14: 2 | G14: =MAX(0,IF(E14="",0,E14)-IF(F14="",0,F14)) -> 0
A15: USA13 | B15: Foto Equipo | C15: X | E15: 3 | F15: 3 | G15: =MAX(0,IF(E15="",0,E15)-IF(F15="",0,F15)) -> 0
A16: USA14 | B16: Diego Luna | C16: X | E16: 3 | F16: 3 | G16: =MAX(0,IF(E16="",0,E16)-IF(F16="",0,F16)) -> 0
A17: USA15 | B17: Malik Tillman | C17: X | G17: =MAX(0,IF(E17="",0,E17)-IF(F17="",0,F17)) -> 0
A18: USA16 | B18: Christian Pulisic | C18: X | E18: 1 | F18: 1 | G18: =MAX(0,IF(E18="",0,E18)-IF(F18="",0,F18)) -> 0
A19: USA17 | B19: Brenden Aaronson | C19: X | E19: 1 | F19: 1 | G19: =MAX(0,IF(E19="",0,E19)-IF(F19="",0,F19)) -> 0
A20: USA18 | B20: Ricardo Pepi | C20: X | G20: =MAX(0,IF(E20="",0,E20)-IF(F20="",0,F20)) -> 0
A21: USA19 | B21: Haji Wright | C21: X | E21: 1 | F21: 1 | G21: =MAX(0,IF(E21="",0,E21)-IF(F21="",0,F21)) -> 0
A22: USA20 | B22: Folarin Balogun | C22: X | E22: 1 | F22: 1 | G22: =MAX(0,IF(E22="",0,E22)-IF(F22="",0,F22)) -> 0

Sheet GRUPO D · Paraguay
A1: GRUPO D · Paraguay
A2: Código | B2: Jugador / Cromo | C2: Tengo | D2: Pedir | E2: Repetidos | F2: Enviados | G2: Disponibles
A3: PAR1 | B3: Escudo | C3: X | E3: 4 | F3: 4 | G3: =MAX(0,IF(E3="",0,E3)-IF(F3="",0,F3)) -> 0
A4: PAR2 | B4: Roberto Fernández | C4: X | G4: =MAX(0,IF(E4="",0,E4)-IF(F4="",0,F4)) -> 0
A5: PAR3 | B5: Orlando Gill | C5: X | G5: =MAX(0,IF(E5="",0,E5)-IF(F5="",0,F5)) -> 0
A6: PAR4 | B6: Gustavo Gómez | C6: X | G6: =MAX(0,IF(E6="",0,E6)-IF(F6="",0,F6)) -> 0
A7: PAR5 | B7: Fabián Balbuena | C7: X | E7: 1 | F7: 1 | G7: =MAX(0,IF(E7="",0,E7)-IF(F7="",0,F7)) -> 0
A8: PAR6 | B8: Juan José Cáceres | C8: X | E8: 1 | F8: 1 | G8: =MAX(0,IF(E8="",0,E8)-IF(F8="",0,F8)) -> 0
A9: PAR7 | B9: Omar Alderete | C9: X | E9: 3 | F9: 3 | G9: =MAX(0,IF(E9="",0,E9)-IF(F9="",0,F9)) -> 0
A10: PAR8 | B10: Júnior Alonso | C10: X | G10: =MAX(0,IF(E10="",0,E10)-IF(F10="",0,F10)) -> 0
A11: PAR9 | B11: Mathías Villasanti | C11: X | E11: 2 | F11: 2 | G11: =MAX(0,IF(E11="",0,E11)-IF(F11="",0,F11)) -> 0
A12: PAR10 | B12: Diego Gómez | C12: X | G12: =MAX(0,IF(E12="",0,E12)-IF(F12="",0,F12)) -> 0
A13: PAR11 | B13: Damián Bobadilla | C13: X | E13: 2 | F13: 2 | G13: =MAX(0,IF(E13="",0,E13)-IF(F13="",0,F13)) -> 0
A14: PAR12 | B14: Andrés Cubas | C14: X | G14: =MAX(0,IF(E14="",0,E14)-IF(F14="",0,F14)) -> 0
A15: PAR13 | B15: Foto Equipo | C15: X | G15: =MAX(0,IF(E15="",0,E15)-IF(F15="",0,F15)) -> 0
A16: PAR14 | B16: Matías Galarza Fonda | C16: X | G16: =MAX(0,IF(E16="",0,E16)-IF(F16="",0,F16)) -> 0
A17: PAR15 | B17: Julio Enciso | C17: X | E17: 1 | F17: 1 | G17: =MAX(0,IF(E17="",0,E17)-IF(F17="",0,F17)) -> 0
A18: PAR16 | B18: Alejandro Romero Gamarra | C18: X | E18: 1 | F18: 1 | G18: =MAX(0,IF(E18="",0,E18)-IF(F18="",0,F18)) -> 0
A19: PAR17 | B19: Miguel Almirón | C19: X | E19: 1 | F19: 1 | G19: =MAX(0,IF(E19="",0,E19)-IF(F19="",0,F19)) -> 0
A20: PAR18 | B20: Ramón Sosa | C20: X | G20: =MAX(0,IF(E20="",0,E20)-IF(F20="",0,F20)) -> 0
A21: PAR19 | B21: Ángel Romero | C21: X | G21: =MAX(0,IF(E21="",0,E21)-IF(F21="",0,F21)) -> 0
A22: PAR20 | B22: Antonio Sanabria | C22: X | E22: 1 | F22: 1 | G22: =MAX(0,IF(E22="",0,E22)-IF(F22="",0,F22)) -> 0

Sheet GRUPO D · Australia
A1: GRUPO D · Australia
A2: Código | B2: Jugador / Cromo | C2: Tengo | D2: Pedir | E2: Repetidos | F2: Enviados | G2: Disponibles
A3: AUS1 | B3: Escudo | C3: X | G3: =MAX(0,IF(E3="",0,E3)-IF(F3="",0,F3)) -> 0
A4: AUS2 | B4: Mathew Ryan | C4: X | E4: 1 | F4: 1 | G4: =MAX(0,IF(E4="",0,E4)-IF(F4="",0,F4)) -> 0
A5: AUS3 | B5: Joe Gauci | C5: X | G5: =MAX(0,IF(E5="",0,E5)-IF(F5="",0,F5)) -> 0
A6: AUS4 | B6: Harry Souttar | C6: X | G6: =MAX(0,IF(E6="",0,E6)-IF(F6="",0,F6)) -> 0
A7: AUS5 | B7: Alessandro Circati | C7: X | E7: 1 | F7: 1 | G7: =MAX(0,IF(E7="",0,E7)-IF(F7="",0,F7)) -> 0
A8: AUS6 | B8: Jordan Bos | C8: X | G8: =MAX(0,IF(E8="",0,E8)-IF(F8="",0,F8)) -> 0
A9: AUS7 | B9: Aziz Behich | C9: X | E9: 1 | F9: 1 | G9: =MAX(0,IF(E9="",0,E9)-IF(F9="",0,F9)) -> 0
A10: AUS8 | B10: Cameron Burgess | C10: X | G10: =MAX(0,IF(E10="",0,E10)-IF(F10="",0,F10)) -> 0
A11: AUS9 | B11: Lewis Miller | C11: X | G11: =MAX(0,IF(E11="",0,E11)-IF(F11="",0,F11)) -> 0
A12: AUS10 | B12: Milos Degenek | C12: X | E12: 1 | F12: 1 | G12: =MAX(0,IF(E12="",0,E12)-IF(F12="",0,F12)) -> 0
A13: AUS11 | B13: Jackson Irvine | C13: X | E13: 2 | F13: 2 | G13: =MAX(0,IF(E13="",0,E13)-IF(F13="",0,F13)) -> 0
A14: AUS12 | B14: Riley McGree | C14: X | G14: =MAX(0,IF(E14="",0,E14)-IF(F14="",0,F14)) -> 0
A15: AUS13 | B15: Foto Equipo | C15: X | E15: 1 | F15: 1 | G15: =MAX(0,IF(E15="",0,E15)-IF(F15="",0,F15)) -> 0
A16: AUS14 | B16: Aiden O'Neill | C16: X | E16: 1 | F16: 1 | G16: =MAX(0,IF(E16="",0,E16)-IF(F16="",0,F16)) -> 0
A17: AUS15 | B17: Connor Metcalfe | C17: X | E17: 1 | F17: 1 | G17: =MAX(0,IF(E17="",0,E17)-IF(F17="",0,F17)) -> 0
A18: AUS16 | B18: Patrick Yazbek | C18: X | G18: =MAX(0,IF(E18="",0,E18)-IF(F18="",0,F18)) -> 0
A19: AUS17 | B19: Craig Goodwin | C19: X | E19: 2 | F19: 2 | G19: =MAX(0,IF(E19="",0,E19)-IF(F19="",0,F19)) -> 0
A20: AUS18 | B20: Kusini Yengi | C20: X | E20: 2 | F20: 2 | G20: =MAX(0,IF(E20="",0,E20)-IF(F20="",0,F20)) -> 0
A21: AUS19 | B21: Nestory Irankunda | C21: X | E21: 3 | F21: 3 | G21: =MAX(0,IF(E21="",0,E21)-IF(F21="",0,F21)) -> 0
A22: AUS20 | B22: Mohamed Touré | C22: X | G22: =MAX(0,IF(E22="",0,E22)-IF(F22="",0,F22)) -> 0

Sheet GRUPO D · Türkiye
A1: GRUPO D · Türkiye
A2: Código | B2: Jugador / Cromo | C2: Tengo | D2: Pedir | E2: Repetidos | F2: Enviados | G2: Disponibles
A3: TUR1 | B3: Escudo | C3: X | E3: 2 | F3: 2 | G3: =MAX(0,IF(E3="",0,E3)-IF(F3="",0,F3)) -> 0
A4: TUR2 | B4: Uğurcan Çakır | C4: X | E4: 1 | F4: 1 | G4: =MAX(0,IF(E4="",0,E4)-IF(F4="",0,F4)) -> 0
A5: TUR3 | B5: Mert Müldür | C5: X | G5: =MAX(0,IF(E5="",0,E5)-IF(F5="",0,F5)) -> 0
A6: TUR4 | B6: Zeki Çelik | C6: X | G6: =MAX(0,IF(E6="",0,E6)-IF(F6="",0,F6)) -> 0
A7: TUR5 | B7: Abdülkerim Bardakçı | C7: X | G7: =MAX(0,IF(E7="",0,E7)-IF(F7="",0,F7)) -> 0
A8: TUR6 | B8: Çağlar Söyüncü | C8: X | G8: =MAX(0,IF(E8="",0,E8)-IF(F8="",0,F8)) -> 0
A9: TUR7 | B9: Merih Demiral | C9: X | E9: 2 | F9: 2 | G9: =MAX(0,IF(E9="",0,E9)-IF(F9="",0,F9)) -> 0
A10: TUR8 | B10: Ferdi Kadıoğlu | C10: X | E10: 2 | F10: 2 | G10: =MAX(0,IF(E10="",0,E10)-IF(F10="",0,F10)) -> 0
A11: TUR9 | B11: Kaan Ayhan | C11: X | E11: 1 | F11: 1 | G11: =MAX(0,IF(E11="",0,E11)-IF(F11="",0,F11)) -> 0
A12: TUR10 | B12: Ismail Yüksek | C12: X | G12: =MAX(0,IF(E12="",0,E12)-IF(F12="",0,F12)) -> 0
A13: TUR11 | B13: Hakan Çalhanoğlu | C13: X | G13: =MAX(0,IF(E13="",0,E13)-IF(F13="",0,F13)) -> 0
A14: TUR12 | B14: Orkun Kökçü | C14: X | E14: 3 | F14: 3 | G14: =MAX(0,IF(E14="",0,E14)-IF(F14="",0,F14)) -> 0
A15: TUR13 | B15: Foto Equipo | C15: X | G15: =MAX(0,IF(E15="",0,E15)-IF(F15="",0,F15)) -> 0
A16: TUR14 | B16: Arda Güler | C16: X | G16: =MAX(0,IF(E16="",0,E16)-IF(F16="",0,F16)) -> 0
A17: TUR15 | B17: Irfan Can Kahveci | C17: X | G17: =MAX(0,IF(E17="",0,E17)-IF(F17="",0,F17)) -> 0
A18: TUR16 | B18: Yunus Akgün | C18: X | E18: 1 | F18: 1 | G18: =MAX(0,IF(E18="",0,E18)-IF(F18="",0,F18)) -> 0
A19: TUR17 | B19: Can Uzun | C19: X | G19: =MAX(0,IF(E19="",0,E19)-IF(F19="",0,F19)) -> 0
A20: TUR18 | B20: Barış Alper Yılmaz | C20: X | E20: 1 | F20: 1 | G20: =MAX(0,IF(E20="",0,E20)-IF(F20="",0,F20)) -> 0
A21: TUR19 | B21: Kerem Aktürkoğlu | C21: X | E21: 2 | F21: 2 | G21: =MAX(0,IF(E21="",0,E21)-IF(F21="",0,F21)) -> 0
A22: TUR20 | B22: Kenan Yildiz | C22: X | G22: =MAX(0,IF(E22="",0,E22)-IF(F22="",0,F22)) -> 0

Sheet GRUPO E · Germany
A1: GRUPO E · Germany
A2: Código | B2: Jugador / Cromo | C2: Tengo | D2: Pedir | E2: Repetidos | F2: Enviados | G2: Disponibles
A3: GER1 | B3: Escudo | C3: X | E3: 1 | F3: 1 | G3: =MAX(0,IF(E3="",0,E3)-IF(F3="",0,F3)) -> 0
A4: GER2 | B4: Marc-André ter Stegen | C4: X | E4: 2 | F4: 2 | G4: =MAX(0,IF(E4="",0,E4)-IF(F4="",0,F4)) -> 0
A5: GER3 | B5: Jonathan Tah | C5: X | E5: 1 | F5: 1 | G5: =MAX(0,IF(E5="",0,E5)-IF(F5="",0,F5)) -> 0
A6: GER4 | B6: David Raum | C6: X | G6: =MAX(0,IF(E6="",0,E6)-IF(F6="",0,F6)) -> 0
A7: GER5 | B7: Nico Schlotterbeck | C7: X | G7: =MAX(0,IF(E7="",0,E7)-IF(F7="",0,F7)) -> 0
A8: GER6 | B8: Antonio Rüdiger | C8: X | G8: =MAX(0,IF(E8="",0,E8)-IF(F8="",0,F8)) -> 0
A9: GER7 | B9: Waldemar Anton | C9: X | E9: 2 | F9: 2 | G9: =MAX(0,IF(E9="",0,E9)-IF(F9="",0,F9)) -> 0
A10: GER8 | B10: Ridle Baku | C10: X | G10: =MAX(0,IF(E10="",0,E10)-IF(F10="",0,F10)) -> 0
A11: GER9 | B11: Maximilian Mittelstadt | C11: X | E11: 1 | F11: 1 | G11: =MAX(0,IF(E11="",0,E11)-IF(F11="",0,F11)) -> 0
A12: GER10 | B12: Joshua Kimmich | C12: X | E12: 1 | F12: 1 | G12: =MAX(0,IF(E12="",0,E12)-IF(F12="",0,F12)) -> 0
A13: GER11 | B13: Florian Wirtz | C13: X | E13: 1 | F13: 1 | G13: =MAX(0,IF(E13="",0,E13)-IF(F13="",0,F13)) -> 0
A14: GER12 | B14: Felix Nmecha | C14: X | E14: 3 | F14: 3 | G14: =MAX(0,IF(E14="",0,E14)-IF(F14="",0,F14)) -> 0
A15: GER13 | B15: Foto Equipo | C15: X | G15: =MAX(0,IF(E15="",0,E15)-IF(F15="",0,F15)) -> 0
A16: GER14 | B16: Leon Goretzka | C16: X | E16: 4 | F16: 4 | G16: =MAX(0,IF(E16="",0,E16)-IF(F16="",0,F16)) -> 0
A17: GER15 | B17: Jamal Musiala | C17: X | E17: 1 | F17: 1 | G17: =MAX(0,IF(E17="",0,E17)-IF(F17="",0,F17)) -> 0
A18: GER16 | B18: Serge Gnabry | C18: X | E18: 1 | F18: 1 | G18: =MAX(0,IF(E18="",0,E18)-IF(F18="",0,F18)) -> 0
A19: GER17 | B19: Kai Havertz | C19: X | G19: =MAX(0,IF(E19="",0,E19)-IF(F19="",0,F19)) -> 0
A20: GER18 | B20: Leroy Sané | C20: X | G20: =MAX(0,IF(E20="",0,E20)-IF(F20="",0,F20)) -> 0
A21: GER19 | B21: Karim Adeyemi | C21: X | G21: =MAX(0,IF(E21="",0,E21)-IF(F21="",0,F21)) -> 0
A22: GER20 | B22: Nick Woltemade | C22: X | G22: =MAX(0,IF(E22="",0,E22)-IF(F22="",0,F22)) -> 0

Sheet GRUPO E · Curaçao
A1: GRUPO E · Curaçao
A2: Código | B2: Jugador / Cromo | C2: Tengo | D2: Pedir | E2: Repetidos | F2: Enviados | G2: Disponibles
A3: CUW1 | B3: Escudo | C3: X | G3: =MAX(0,IF(E3="",0,E3)-IF(F3="",0,F3)) -> 0
A4: CUW2 | B4: Eloy Room | C4: X | E4: 2 | F4: 2 | G4: =MAX(0,IF(E4="",0,E4)-IF(F4="",0,F4)) -> 0
A5: CUW3 | B5: Armando Obispo | C5: X | E5: 1 | F5: 1 | G5: =MAX(0,IF(E5="",0,E5)-IF(F5="",0,F5)) -> 0
A6: CUW4 | B6: Sherel Floranus | C6: X | E6: 1 | F6: 1 | G6: =MAX(0,IF(E6="",0,E6)-IF(F6="",0,F6)) -> 0
A7: CUW5 | B7: Jurien Gaari | C7: X | E7: 1 | F7: 1 | G7: =MAX(0,IF(E7="",0,E7)-IF(F7="",0,F7)) -> 0
A8: CUW6 | B8: Joshua Brenet | C8: X | G8: =MAX(0,IF(E8="",0,E8)-IF(F8="",0,F8)) -> 0
A9: CUW7 | B9: Roshon Van Eijma | C9: X | G9: =MAX(0,IF(E9="",0,E9)-IF(F9="",0,F9)) -> 0
A10: CUW8 | B10: Shurandy Sambo | C10: X | G10: =MAX(0,IF(E10="",0,E10)-IF(F10="",0,F10)) -> 0
A11: CUW9 | B11: Livano Comenencia | C11: X | E11: 2 | F11: 2 | G11: =MAX(0,IF(E11="",0,E11)-IF(F11="",0,F11)) -> 0
A12: CUW10 | B12: Godfried Roemeratoe | C12: X | E12: 1 | F12: 1 | G12: =MAX(0,IF(E12="",0,E12)-IF(F12="",0,F12)) -> 0
A13: CUW11 | B13: Juninho Bacuna | C13: X | E13: 2 | F13: 2 | G13: =MAX(0,IF(E13="",0,E13)-IF(F13="",0,F13)) -> 0
A14: CUW12 | B14: Leandro Bacuna | C14: X | E14: 1 | F14: 1 | G14: =MAX(0,IF(E14="",0,E14)-IF(F14="",0,F14)) -> 0
A15: CUW13 | B15: Foto Equipo | C15: X | G15: =MAX(0,IF(E15="",0,E15)-IF(F15="",0,F15)) -> 0
A16: CUW14 | B16: Tahith Chong | C16: X | E16: 1 | F16: 1 | G16: =MAX(0,IF(E16="",0,E16)-IF(F16="",0,F16)) -> 0
A17: CUW15 | B17: Kenji Gorré | C17: X | E17: 1 | F17: 1 | G17: =MAX(0,IF(E17="",0,E17)-IF(F17="",0,F17)) -> 0
A18: CUW16 | B18: Jearl Margaritha | C18: X | E18: 2 | F18: 2 | G18: =MAX(0,IF(E18="",0,E18)-IF(F18="",0,F18)) -> 0
A19: CUW17 | B19: Jürgen Locadia | C19: X | G19: =MAX(0,IF(E19="",0,E19)-IF(F19="",0,F19)) -> 0
A20: CUW18 | B20: Jeremy Antonisse | C20: X | G20: =MAX(0,IF(E20="",0,E20)-IF(F20="",0,F20)) -> 0
A21: CUW19 | B21: Gervane Kastaneer | C21: X | E21: 1 | F21: 1 | G21: =MAX(0,IF(E21="",0,E21)-IF(F21="",0,F21)) -> 0
A22: CUW20 | B22: Sontje Hansen | C22: X | G22: =MAX(0,IF(E22="",0,E22)-IF(F22="",0,F22)) -> 0

Sheet GRUPO E · Cote dIvoire
A1: GRUPO E · Côte d'Ivoire
A2: Código | B2: Jugador / Cromo | C2: Tengo | D2: Pedir | E2: Repetidos | F2: Enviados | G2: Disponibles
A3: CIV1 | B3: Escudo | C3: X | E3: 1 | F3: 1 | G3: =MAX(0,IF(E3="",0,E3)-IF(F3="",0,F3)) -> 0
A4: CIV2 | B4: Yahia Fofana | C4: X | E4: 1 | F4: 1 | G4: =MAX(0,IF(E4="",0,E4)-IF(F4="",0,F4)) -> 0
A5: CIV3 | B5: Ghislain Konan | C5: X | G5: =MAX(0,IF(E5="",0,E5)-IF(F5="",0,F5)) -> 0
A6: CIV4 | B6: Wilfried Singo | C6: X | G6: =MAX(0,IF(E6="",0,E6)-IF(F6="",0,F6)) -> 0
A7: CIV5 | B7: Odilon Kossounou | C7: X | G7: =MAX(0,IF(E7="",0,E7)-IF(F7="",0,F7)) -> 0
A8: CIV6 | B8: Evan Ndicka | C8: X | E8: 2 | F8: 2 | G8: =MAX(0,IF(E8="",0,E8)-IF(F8="",0,F8)) -> 0
A9: CIV7 | B9: Willy Boly | C9: X | E9: 2 | F9: 2 | G9: =MAX(0,IF(E9="",0,E9)-IF(F9="",0,F9)) -> 0
A10: CIV8 | B10: Emmanuel Agbadou | C10: X | G10: =MAX(0,IF(E10="",0,E10)-IF(F10="",0,F10)) -> 0
A11: CIV9 | B11: Ousmane Diomande | C11: X | G11: =MAX(0,IF(E11="",0,E11)-IF(F11="",0,F11)) -> 0
A12: CIV10 | B12: Franck Kessié | C12: X | G12: =MAX(0,IF(E12="",0,E12)-IF(F12="",0,F12)) -> 0
A13: CIV11 | B13: Seko Fofana | C13: X | E13: 4 | F13: 4 | G13: =MAX(0,IF(E13="",0,E13)-IF(F13="",0,F13)) -> 0
A14: CIV12 | B14: Ibrahim Sangaré | C14: X | E14: 1 | F14: 1 | G14: =MAX(0,IF(E14="",0,E14)-IF(F14="",0,F14)) -> 0
A15: CIV13 | B15: Foto Equipo | C15: X | E15: 1 | F15: 1 | G15: =MAX(0,IF(E15="",0,E15)-IF(F15="",0,F15)) -> 0
A16: CIV14 | B16: Jean-Philippe Gbamin | C16: X | E16: 1 | F16: 1 | G16: =MAX(0,IF(E16="",0,E16)-IF(F16="",0,F16)) -> 0
A17: CIV15 | B17: Amad Diallo | C17: X | G17: =MAX(0,IF(E17="",0,E17)-IF(F17="",0,F17)) -> 0
A18: CIV16 | B18: Sébastien Haller | C18: X | G18: =MAX(0,IF(E18="",0,E18)-IF(F18="",0,F18)) -> 0
A19: CIV17 | B19: Simon Adingra | C19: X | G19: =MAX(0,IF(E19="",0,E19)-IF(F19="",0,F19)) -> 0
A20: CIV18 | B20: Yan Diomande | C20: X | E20: 2 | F20: 2 | G20: =MAX(0,IF(E20="",0,E20)-IF(F20="",0,F20)) -> 0
A21: CIV19 | B21: Evann Guessand | C21: X | E21: 2 | F21: 2 | G21: =MAX(0,IF(E21="",0,E21)-IF(F21="",0,F21)) -> 0
A22: CIV20 | B22: Oumar Diakité | C22: X | E22: 1 | F22: 1 | G22: =MAX(0,IF(E22="",0,E22)-IF(F22="",0,F22)) -> 0

Sheet GRUPO E · Ecuador
A1: GRUPO E · Ecuador
A2: Código | B2: Jugador / Cromo | C2: Tengo | D2: Pedir | E2: Repetidos | F2: Enviados | G2: Disponibles
A3: ECU1 | B3: Escudo | C3: X | E3: 1 | F3: 1 | G3: =MAX(0,IF(E3="",0,E3)-IF(F3="",0,F3)) -> 0
A4: ECU2 | B4: Hernán Galíndez | C4: X | E4: 3 | F4: 3 | G4: =MAX(0,IF(E4="",0,E4)-IF(F4="",0,F4)) -> 0
A5: ECU3 | B5: Gonzalo Valle | C5: X | E5: 2 | F5: 2 | G5: =MAX(0,IF(E5="",0,E5)-IF(F5="",0,F5)) -> 0
A6: ECU4 | B6: Piero Hincapié | C6: X | G6: =MAX(0,IF(E6="",0,E6)-IF(F6="",0,F6)) -> 0
A7: ECU5 | B7: Pervis Estupiñán | C7: X | E7: 1 | F7: 1 | G7: =MAX(0,IF(E7="",0,E7)-IF(F7="",0,F7)) -> 0
A8: ECU6 | B8: Willian Pacho | C8: X | G8: =MAX(0,IF(E8="",0,E8)-IF(F8="",0,F8)) -> 0
A9: ECU7 | B9: Ángelo Preciado | C9: X | G9: =MAX(0,IF(E9="",0,E9)-IF(F9="",0,F9)) -> 0
A10: ECU8 | B10: Joel Ordóñez | C10: X | E10: 1 | F10: 1 | G10: =MAX(0,IF(E10="",0,E10)-IF(F10="",0,F10)) -> 0
A11: ECU9 | B11: Moisés Caicedo | C11: X | G11: =MAX(0,IF(E11="",0,E11)-IF(F11="",0,F11)) -> 0
A12: ECU10 | B12: Alan Franco | C12: X | E12: 2 | F12: 2 | G12: =MAX(0,IF(E12="",0,E12)-IF(F12="",0,F12)) -> 0
A13: ECU11 | B13: Kendry Páez | C13: X | G13: =MAX(0,IF(E13="",0,E13)-IF(F13="",0,F13)) -> 0
A14: ECU12 | B14: Pedro Vite | C14: X | E14: 1 | F14: 1 | G14: =MAX(0,IF(E14="",0,E14)-IF(F14="",0,F14)) -> 0
A15: ECU13 | B15: Foto Equipo | C15: X | E15: 1 | F15: 1 | G15: =MAX(0,IF(E15="",0,E15)-IF(F15="",0,F15)) -> 0
A16: ECU14 | B16: John Yeboah | C16: X | E16: 1 | F16: 1 | G16: =MAX(0,IF(E16="",0,E16)-IF(F16="",0,F16)) -> 0
A17: ECU15 | B17: Leonardo Campana | C17: X | E17: 1 | F17: 1 | G17: =MAX(0,IF(E17="",0,E17)-IF(F17="",0,F17)) -> 0
A18: ECU16 | B18: Gonzalo Plata | C18: X | G18: =MAX(0,IF(E18="",0,E18)-IF(F18="",0,F18)) -> 0
A19: ECU17 | B19: Nilson Angulo | C19: X | E19: 2 | F19: 2 | G19: =MAX(0,IF(E19="",0,E19)-IF(F19="",0,F19)) -> 0
A20: ECU18 | B20: Alan Minda | C20: X | G20: =MAX(0,IF(E20="",0,E20)-IF(F20="",0,F20)) -> 0
A21: ECU19 | B21: Kevin Rodríguez | C21: X | E21: 2 | F21: 2 | G21: =MAX(0,IF(E21="",0,E21)-IF(F21="",0,F21)) -> 0
A22: ECU20 | B22: Enner Valencia | C22: X | E22: 2 | F22: 2 | G22: =MAX(0,IF(E22="",0,E22)-IF(F22="",0,F22)) -> 0

Sheet GRUPO F · Netherlands
A1: GRUPO F · Netherlands
A2: Código | B2: Jugador / Cromo | C2: Tengo | D2: Pedir | E2: Repetidos | F2: Enviados | G2: Disponibles
A3: NED1 | B3: Escudo | C3: X | E3: 1 | F3: 1 | G3: =MAX(0,IF(E3="",0,E3)-IF(F3="",0,F3)) -> 0
A4: NED2 | B4: Bart Verbruggen | C4: X | E4: 1 | F4: 1 | G4: =MAX(0,IF(E4="",0,E4)-IF(F4="",0,F4)) -> 0
A5: NED3 | B5: Virgil van Dijk | C5: X | E5: 1 | F5: 1 | G5: =MAX(0,IF(E5="",0,E5)-IF(F5="",0,F5)) -> 0
A6: NED4 | B6: Micky van de Ven | C6: X | E6: 1 | F6: 1 | G6: =MAX(0,IF(E6="",0,E6)-IF(F6="",0,F6)) -> 0
A7: NED5 | B7: Jurrien Timber | C7: X | E7: 1 | F7: 1 | G7: =MAX(0,IF(E7="",0,E7)-IF(F7="",0,F7)) -> 0
A8: NED6 | B8: Denzel Dumfries | C8: X | G8: =MAX(0,IF(E8="",0,E8)-IF(F8="",0,F8)) -> 0
A9: NED7 | B9: Nathan Aké | C9: X | E9: 5 | F9: 5 | G9: =MAX(0,IF(E9="",0,E9)-IF(F9="",0,F9)) -> 0
A10: NED8 | B10: Jeremie Frimpong | C10: X | G10: =MAX(0,IF(E10="",0,E10)-IF(F10="",0,F10)) -> 0
A11: NED9 | B11: Jan Paul van Hecke | C11: X | G11: =MAX(0,IF(E11="",0,E11)-IF(F11="",0,F11)) -> 0
A12: NED10 | B12: Tijjani Reijnders | C12: X | G12: =MAX(0,IF(E12="",0,E12)-IF(F12="",0,F12)) -> 0
A13: NED11 | B13: Ryan Gravenberch | C13: X | G13: =MAX(0,IF(E13="",0,E13)-IF(F13="",0,F13)) -> 0
A14: NED12 | B14: Teun Koopmeiners | C14: X | E14: 1 | F14: 1 | G14: =MAX(0,IF(E14="",0,E14)-IF(F14="",0,F14)) -> 0
A15: NED13 | B15: Foto Equipo | C15: X | E15: 1 | F15: 1 | G15: =MAX(0,IF(E15="",0,E15)-IF(F15="",0,F15)) -> 0
A16: NED14 | B16: Frenkie de Jong | C16: X | E16: 1 | F16: 1 | G16: =MAX(0,IF(E16="",0,E16)-IF(F16="",0,F16)) -> 0
A17: NED15 | B17: Xavi Simons | C17: X | G17: =MAX(0,IF(E17="",0,E17)-IF(F17="",0,F17)) -> 0
A18: NED16 | B18: Justin Kluivert | C18: X | G18: =MAX(0,IF(E18="",0,E18)-IF(F18="",0,F18)) -> 0
A19: NED17 | B19: Memphis Depay | C19: X | E19: 1 | F19: 1 | G19: =MAX(0,IF(E19="",0,E19)-IF(F19="",0,F19)) -> 0
A20: NED18 | B20: Donyell Malen | C20: X | G20: =MAX(0,IF(E20="",0,E20)-IF(F20="",0,F20)) -> 0
A21: NED19 | B21: Wout Weghorst | C21: X | E21: 1 | F21: 1 | G21: =MAX(0,IF(E21="",0,E21)-IF(F21="",0,F21)) -> 0
A22: NED20 | B22: Cody Gakpo | C22: X | G22: =MAX(0,IF(E22="",0,E22)-IF(F22="",0,F22)) -> 0

Sheet GRUPO F · Japan
A1: GRUPO F · Japan
A2: Código | B2: Jugador / Cromo | C2: Tengo | D2: Pedir | E2: Repetidos | F2: Enviados | G2: Disponibles
A3: JPN1 | B3: Escudo | C3: X | E3: 1 | F3: 1 | G3: =MAX(0,IF(E3="",0,E3)-IF(F3="",0,F3)) -> 0
A4: JPN2 | B4: Zion Suzuki | C4: X | G4: =MAX(0,IF(E4="",0,E4)-IF(F4="",0,F4)) -> 0
A5: JPN3 | B5: Henry Heroki Mochizuki | C5: X | G5: =MAX(0,IF(E5="",0,E5)-IF(F5="",0,F5)) -> 0
A6: JPN4 | B6: Ayumu Seko | C6: X | G6: =MAX(0,IF(E6="",0,E6)-IF(F6="",0,F6)) -> 0
A7: JPN5 | B7: Junnosuke Suzuki | C7: X | G7: =MAX(0,IF(E7="",0,E7)-IF(F7="",0,F7)) -> 0
A8: JPN6 | B8: Shogo Taniguchi | C8: X | E8: 2 | F8: 2 | G8: =MAX(0,IF(E8="",0,E8)-IF(F8="",0,F8)) -> 0
A9: JPN7 | B9: Tsuyoshi Watanabe | C9: X | E9: 1 | F9: 1 | G9: =MAX(0,IF(E9="",0,E9)-IF(F9="",0,F9)) -> 0
A10: JPN8 | B10: Kaishu Sano | C10: X | E10: 2 | F10: 2 | G10: =MAX(0,IF(E10="",0,E10)-IF(F10="",0,F10)) -> 0
A11: JPN9 | B11: Yuki Soma | C11: X | G11: =MAX(0,IF(E11="",0,E11)-IF(F11="",0,F11)) -> 0
A12: JPN10 | B12: Ao Tanaka | C12: X | E12: 1 | F12: 1 | G12: =MAX(0,IF(E12="",0,E12)-IF(F12="",0,F12)) -> 0
A13: JPN11 | B13: Daichi Kamada | C13: X | E13: 1 | F13: 1 | G13: =MAX(0,IF(E13="",0,E13)-IF(F13="",0,F13)) -> 0
A14: JPN12 | B14: Takefusa Kubo | C14: X | G14: =MAX(0,IF(E14="",0,E14)-IF(F14="",0,F14)) -> 0
A15: JPN13 | B15: Foto Equipo | C15: X | G15: =MAX(0,IF(E15="",0,E15)-IF(F15="",0,F15)) -> 0
A16: JPN14 | B16: Ritsu Doan | C16: X | E16: 2 | F16: 2 | G16: =MAX(0,IF(E16="",0,E16)-IF(F16="",0,F16)) -> 0
A17: JPN15 | B17: Keito Nakamura | C17: X | E17: 2 | F17: 2 | G17: =MAX(0,IF(E17="",0,E17)-IF(F17="",0,F17)) -> 0
A18: JPN16 | B18: Takumi Minamino | C18: X | G18: =MAX(0,IF(E18="",0,E18)-IF(F18="",0,F18)) -> 0
A19: JPN17 | B19: Shuto Machino | C19: X | E19: 2 | F19: 2 | G19: =MAX(0,IF(E19="",0,E19)-IF(F19="",0,F19)) -> 0
A20: JPN18 | B20: Junya Ito | C20: X | E20: 1 | F20: 1 | G20: =MAX(0,IF(E20="",0,E20)-IF(F20="",0,F20)) -> 0
A21: JPN19 | B21: Koki Ogawa | C21: X | G21: =MAX(0,IF(E21="",0,E21)-IF(F21="",0,F21)) -> 0
A22: JPN20 | B22: Ayase Ueda | C22: X | G22: =MAX(0,IF(E22="",0,E22)-IF(F22="",0,F22)) -> 0

Sheet GRUPO F · Sweden
A1: GRUPO F · Sweden
A2: Código | B2: Jugador / Cromo | C2: Tengo | D2: Pedir | E2: Repetidos | F2: Enviados | G2: Disponibles
A3: SWE1 | B3: Escudo | C3: X | E3: 2 | F3: 2 | G3: =MAX(0,IF(E3="",0,E3)-IF(F3="",0,F3)) -> 0
A4: SWE2 | B4: Viktor Johansson | C4: X | E4: 3 | F4: 3 | G4: =MAX(0,IF(E4="",0,E4)-IF(F4="",0,F4)) -> 0
A5: SWE3 | B5: Isak Hien | C5: X | G5: =MAX(0,IF(E5="",0,E5)-IF(F5="",0,F5)) -> 0
A6: SWE4 | B6: Gabriel Gudmundsson | C6: X | E6: 2 | F6: 2 | G6: =MAX(0,IF(E6="",0,E6)-IF(F6="",0,F6)) -> 0
A7: SWE5 | B7: Emil Holm | C7: X | E7: 1 | F7: 1 | G7: =MAX(0,IF(E7="",0,E7)-IF(F7="",0,F7)) -> 0
A8: SWE6 | B8: Victor Nilsson Lindelöf | C8: X | G8: =MAX(0,IF(E8="",0,E8)-IF(F8="",0,F8)) -> 0
A9: SWE7 | B9: Gustaf Lagerbielke | C9: X | E9: 1 | F9: 1 | G9: =MAX(0,IF(E9="",0,E9)-IF(F9="",0,F9)) -> 0
A10: SWE8 | B10: Lucas Bergvall | C10: X | G10: =MAX(0,IF(E10="",0,E10)-IF(F10="",0,F10)) -> 0
A11: SWE9 | B11: Hugo Larsson | C11: X | G11: =MAX(0,IF(E11="",0,E11)-IF(F11="",0,F11)) -> 0
A12: SWE10 | B12: Jesper Karlström | C12: X | G12: =MAX(0,IF(E12="",0,E12)-IF(F12="",0,F12)) -> 0
A13: SWE11 | B13: Yasin Ayari | C13: X | G13: =MAX(0,IF(E13="",0,E13)-IF(F13="",0,F13)) -> 0
A14: SWE12 | B14: Mattias Svanberg | C14: X | G14: =MAX(0,IF(E14="",0,E14)-IF(F14="",0,F14)) -> 0
A15: SWE13 | B15: Foto Equipo | C15: X | G15: =MAX(0,IF(E15="",0,E15)-IF(F15="",0,F15)) -> 0
A16: SWE14 | B16: Daniel Svensson | C16: X | G16: =MAX(0,IF(E16="",0,E16)-IF(F16="",0,F16)) -> 0
A17: SWE15 | B17: Ken Sema | C17: X | E17: 2 | F17: 2 | G17: =MAX(0,IF(E17="",0,E17)-IF(F17="",0,F17)) -> 0
A18: SWE16 | B18: Roony Bardghji | C18: X | G18: =MAX(0,IF(E18="",0,E18)-IF(F18="",0,F18)) -> 0
A19: SWE17 | B19: Dejan Kulusevski | C19: X | E19: 2 | F19: 2 | G19: =MAX(0,IF(E19="",0,E19)-IF(F19="",0,F19)) -> 0
A20: SWE18 | B20: Anthony Elanga | C20: X | E20: 1 | F20: 1 | G20: =MAX(0,IF(E20="",0,E20)-IF(F20="",0,F20)) -> 0
A21: SWE19 | B21: Alexander Isak | C21: X | G21: =MAX(0,IF(E21="",0,E21)-IF(F21="",0,F21)) -> 0
A22: SWE20 | B22: Viktor Gyökeres | C22: X | G22: =MAX(0,IF(E22="",0,E22)-IF(F22="",0,F22)) -> 0

Sheet GRUPO F · Tunisia
A1: GRUPO F · Tunisia
A2: Código | B2: Jugador / Cromo | C2: Tengo | D2: Pedir | E2: Repetidos | F2: Enviados | G2: Disponibles
A3: TUN1 | B3: Escudo | C3: X | G3: =MAX(0,IF(E3="",0,E3)-IF(F3="",0,F3)) -> 0
A4: TUN2 | B4: Bechir Ben Saïd | C4: X | E4: 1 | F4: 1 | G4: =MAX(0,IF(E4="",0,E4)-IF(F4="",0,F4)) -> 0
A5: TUN3 | B5: Aymen Dahmen | C5: X | G5: =MAX(0,IF(E5="",0,E5)-IF(F5="",0,F5)) -> 0
A6: TUN4 | B6: Yan Valery | C6: X | E6: 2 | F6: 2 | G6: =MAX(0,IF(E6="",0,E6)-IF(F6="",0,F6)) -> 0
A7: TUN5 | B7: Montassar Talbi | C7: X | E7: 1 | F7: 1 | G7: =MAX(0,IF(E7="",0,E7)-IF(F7="",0,F7)) -> 0
A8: TUN6 | B8: Yassine Meriah | C8: X | G8: =MAX(0,IF(E8="",0,E8)-IF(F8="",0,F8)) -> 0
A9: TUN7 | B9: Ali Abdi | C9: X | G9: =MAX(0,IF(E9="",0,E9)-IF(F9="",0,F9)) -> 0
A10: TUN8 | B10: Dylan Bronn | C10: X | G10: =MAX(0,IF(E10="",0,E10)-IF(F10="",0,F10)) -> 0
A11: TUN9 | B11: Ellyes Skhiri | C11: X | G11: =MAX(0,IF(E11="",0,E11)-IF(F11="",0,F11)) -> 0
A12: TUN10 | B12: Aïssa Laïdouni | C12: X | G12: =MAX(0,IF(E12="",0,E12)-IF(F12="",0,F12)) -> 0
A13: TUN11 | B13: Ferjani Sassi | C13: X | E13: 1 | F13: 1 | G13: =MAX(0,IF(E13="",0,E13)-IF(F13="",0,F13)) -> 0
A14: TUN12 | B14: Mohamed Ali Ben Romdhane | C14: X | G14: =MAX(0,IF(E14="",0,E14)-IF(F14="",0,F14)) -> 0
A15: TUN13 | B15: Foto Equipo | C15: X | G15: =MAX(0,IF(E15="",0,E15)-IF(F15="",0,F15)) -> 0
A16: TUN14 | B16: Hannibal Mejbri | C16: X | G16: =MAX(0,IF(E16="",0,E16)-IF(F16="",0,F16)) -> 0
A17: TUN15 | B17: Elias Achouri | C17: X | E17: 3 | F17: 3 | G17: =MAX(0,IF(E17="",0,E17)-IF(F17="",0,F17)) -> 0
A18: TUN16 | B18: Elias Saad | C18: X | G18: =MAX(0,IF(E18="",0,E18)-IF(F18="",0,F18)) -> 0
A19: TUN17 | B19: Hazem Mastouri | C19: X | G19: =MAX(0,IF(E19="",0,E19)-IF(F19="",0,F19)) -> 0
A20: TUN18 | B20: Ismaël Gharbi | C20: X | G20: =MAX(0,IF(E20="",0,E20)-IF(F20="",0,F20)) -> 0
A21: TUN19 | B21: Sayfallah Ltaief | C21: X | E21: 1 | F21: 1 | G21: =MAX(0,IF(E21="",0,E21)-IF(F21="",0,F21)) -> 0
A22: TUN20 | B22: Naïm Sliti | C22: X | G22: =MAX(0,IF(E22="",0,E22)-IF(F22="",0,F22)) -> 0

Sheet GRUPO G · Belgium
A1: GRUPO G · Belgium
A2: Código | B2: Jugador / Cromo | C2: Tengo | D2: Pedir | E2: Repetidos | F2: Enviados | G2: Disponibles
A3: BEL1 | B3: Escudo | C3: X | E3: 3 | F3: 3 | G3: =MAX(0,IF(E3="",0,E3)-IF(F3="",0,F3)) -> 0
A4: BEL2 | B4: Thibaut Courtois | C4: X | E4: 2 | F4: 2 | G4: =MAX(0,IF(E4="",0,E4)-IF(F4="",0,F4)) -> 0
A5: BEL3 | B5: Arthur Theate | C5: X | E5: 2 | F5: 2 | G5: =MAX(0,IF(E5="",0,E5)-IF(F5="",0,F5)) -> 0
A6: BEL4 | B6: Timothy Castagne | C6: X | G6: =MAX(0,IF(E6="",0,E6)-IF(F6="",0,F6)) -> 0
A7: BEL5 | B7: Zeno Debast | C7: X | G7: =MAX(0,IF(E7="",0,E7)-IF(F7="",0,F7)) -> 0
A8: BEL6 | B8: Brandon Mechele | C8: X | G8: =MAX(0,IF(E8="",0,E8)-IF(F8="",0,F8)) -> 0
A9: BEL7 | B9: Maxim De Cuyper | C9: X | E9: 1 | F9: 1 | G9: =MAX(0,IF(E9="",0,E9)-IF(F9="",0,F9)) -> 0
A10: BEL8 | B10: Thomas Meunier | C10: X | G10: =MAX(0,IF(E10="",0,E10)-IF(F10="",0,F10)) -> 0
A11: BEL9 | B11: Youri Tielemans | C11: X | G11: =MAX(0,IF(E11="",0,E11)-IF(F11="",0,F11)) -> 0
A12: BEL10 | B12: Amadou Onana | C12: X | E12: 2 | F12: 2 | G12: =MAX(0,IF(E12="",0,E12)-IF(F12="",0,F12)) -> 0
A13: BEL11 | B13: Nicolas Raskin | C13: X | G13: =MAX(0,IF(E13="",0,E13)-IF(F13="",0,F13)) -> 0
A14: BEL12 | B14: Alexis Saelemaekers | C14: X | E14: 2 | F14: 2 | G14: =MAX(0,IF(E14="",0,E14)-IF(F14="",0,F14)) -> 0
A15: BEL13 | B15: Foto Equipo | C15: X | G15: =MAX(0,IF(E15="",0,E15)-IF(F15="",0,F15)) -> 0
A16: BEL14 | B16: Hans Vanaken | C16: X | E16: 5 | F16: 5 | G16: =MAX(0,IF(E16="",0,E16)-IF(F16="",0,F16)) -> 0
A17: BEL15 | B17: Kevin De Bruyne | C17: X | G17: =MAX(0,IF(E17="",0,E17)-IF(F17="",0,F17)) -> 0
A18: BEL16 | B18: Jérémy Doku | C18: X | G18: =MAX(0,IF(E18="",0,E18)-IF(F18="",0,F18)) -> 0
A19: BEL17 | B19: Charles De Ketelaere | C19: X | G19: =MAX(0,IF(E19="",0,E19)-IF(F19="",0,F19)) -> 0
A20: BEL18 | B20: Leandro Trossard | C20: X | G20: =MAX(0,IF(E20="",0,E20)-IF(F20="",0,F20)) -> 0
A21: BEL19 | B21: Loïs Openda | C21: X | E21: 1 | F21: 1 | G21: =MAX(0,IF(E21="",0,E21)-IF(F21="",0,F21)) -> 0
A22: BEL20 | B22: Romelu Lukaku | C22: X | G22: =MAX(0,IF(E22="",0,E22)-IF(F22="",0,F22)) -> 0

Sheet GRUPO G · Egypt
A1: GRUPO G · Egypt
A2: Código | B2: Jugador / Cromo | C2: Tengo | D2: Pedir | E2: Repetidos | F2: Enviados | G2: Disponibles
A3: EGY1 | B3: Escudo | C3: X | E3: 1 | F3: 1 | G3: =MAX(0,IF(E3="",0,E3)-IF(F3="",0,F3)) -> 0
A4: EGY2 | B4: Mohamed Elshenawy | C4: X | E4: 1 | F4: 1 | G4: =MAX(0,IF(E4="",0,E4)-IF(F4="",0,F4)) -> 0
A5: EGY3 | B5: Mohamed Hany | C5: X | G5: =MAX(0,IF(E5="",0,E5)-IF(F5="",0,F5)) -> 0
A6: EGY4 | B6: Mohamed Hamdy | C6: X | G6: =MAX(0,IF(E6="",0,E6)-IF(F6="",0,F6)) -> 0
A7: EGY5 | B7: Yasser Ibrahim | C7: X | G7: =MAX(0,IF(E7="",0,E7)-IF(F7="",0,F7)) -> 0
A8: EGY6 | B8: Khaled Sobhi | C8: X | G8: =MAX(0,IF(E8="",0,E8)-IF(F8="",0,F8)) -> 0
A9: EGY7 | B9: Ramy Rabia | C9: X | G9: =MAX(0,IF(E9="",0,E9)-IF(F9="",0,F9)) -> 0
A10: EGY8 | B10: Hossam Abdelmaguid | C10: X | G10: =MAX(0,IF(E10="",0,E10)-IF(F10="",0,F10)) -> 0
A11: EGY9 | B11: Ahmed Fatouh | C11: X | E11: 2 | F11: 2 | G11: =MAX(0,IF(E11="",0,E11)-IF(F11="",0,F11)) -> 0
A12: EGY10 | B12: Marwan Attia | C12: X | E12: 2 | F12: 2 | G12: =MAX(0,IF(E12="",0,E12)-IF(F12="",0,F12)) -> 0
A13: EGY11 | B13: Zizo | C13: X | G13: =MAX(0,IF(E13="",0,E13)-IF(F13="",0,F13)) -> 0
A14: EGY12 | B14: Hamdy Fathy | C14: X | G14: =MAX(0,IF(E14="",0,E14)-IF(F14="",0,F14)) -> 0
A15: EGY13 | B15: Foto Equipo | C15: X | G15: =MAX(0,IF(E15="",0,E15)-IF(F15="",0,F15)) -> 0
A16: EGY14 | B16: Mohamed Lasheen | C16: X | E16: 1 | F16: 1 | G16: =MAX(0,IF(E16="",0,E16)-IF(F16="",0,F16)) -> 0
A17: EGY15 | B17: Emam Ashour | C17: X | E17: 1 | F17: 1 | G17: =MAX(0,IF(E17="",0,E17)-IF(F17="",0,F17)) -> 0
A18: EGY16 | B18: Osama Faisal | C18: X | G18: =MAX(0,IF(E18="",0,E18)-IF(F18="",0,F18)) -> 0
A19: EGY17 | B19: Mohamed Salah | C19: X | G19: =MAX(0,IF(E19="",0,E19)-IF(F19="",0,F19)) -> 0
A20: EGY18 | B20: Mostafa Mohamed | C20: X | E20: 2 | F20: 2 | G20: =MAX(0,IF(E20="",0,E20)-IF(F20="",0,F20)) -> 0
A21: EGY19 | B21: Trezeguet | C21: X | E21: 1 | F21: 1 | G21: =MAX(0,IF(E21="",0,E21)-IF(F21="",0,F21)) -> 0
A22: EGY20 | B22: Omar Marmoush | C22: X | E22: 1 | F22: 1 | G22: =MAX(0,IF(E22="",0,E22)-IF(F22="",0,F22)) -> 0

Sheet GRUPO G · IR Iran
A1: GRUPO G · IR Iran
A2: Código | B2: Jugador / Cromo | C2: Tengo | D2: Pedir | E2: Repetidos | F2: Enviados | G2: Disponibles
A3: IRN1 | B3: Escudo | C3: X | E3: 3 | F3: 3 | G3: =MAX(0,IF(E3="",0,E3)-IF(F3="",0,F3)) -> 0
A4: IRN2 | B4: Alireza Beiranvand | C4: X | E4: 3 | F4: 3 | G4: =MAX(0,IF(E4="",0,E4)-IF(F4="",0,F4)) -> 0
A5: IRN3 | B5: Morteza Pouraliganji | C5: X | E5: 3 | F5: 3 | G5: =MAX(0,IF(E5="",0,E5)-IF(F5="",0,F5)) -> 0
A6: IRN4 | B6: Ehsan Hajsafi | C6: X | G6: =MAX(0,IF(E6="",0,E6)-IF(F6="",0,F6)) -> 0
A7: IRN5 | B7: Milad Mohammadi | C7: X | G7: =MAX(0,IF(E7="",0,E7)-IF(F7="",0,F7)) -> 0
A8: IRN6 | B8: Shojae Khalilzadeh | C8: X | G8: =MAX(0,IF(E8="",0,E8)-IF(F8="",0,F8)) -> 0
A9: IRN7 | B9: Ramin Rezaeian | C9: X | G9: =MAX(0,IF(E9="",0,E9)-IF(F9="",0,F9)) -> 0
A10: IRN8 | B10: Hossein Kanaani | C10: X | E10: 1 | F10: 1 | G10: =MAX(0,IF(E10="",0,E10)-IF(F10="",0,F10)) -> 0
A11: IRN9 | B11: Sadegh Moharrami | C11: X | G11: =MAX(0,IF(E11="",0,E11)-IF(F11="",0,F11)) -> 0
A12: IRN10 | B12: Saleh Hardani | C12: X | E12: 1 | F12: 1 | G12: =MAX(0,IF(E12="",0,E12)-IF(F12="",0,F12)) -> 0
A13: IRN11 | B13: Saeed Ezatolahi | C13: X | E13: 1 | F13: 1 | G13: =MAX(0,IF(E13="",0,E13)-IF(F13="",0,F13)) -> 0
A14: IRN12 | B14: Saman Ghoddos | C14: X | E14: 1 | F14: 1 | G14: =MAX(0,IF(E14="",0,E14)-IF(F14="",0,F14)) -> 0
A15: IRN13 | B15: Foto Equipo | C15: X | G15: =MAX(0,IF(E15="",0,E15)-IF(F15="",0,F15)) -> 0
A16: IRN14 | B16: Omid Noorafkan | C16: X | G16: =MAX(0,IF(E16="",0,E16)-IF(F16="",0,F16)) -> 0
A17: IRN15 | B17: Roozbeh Cheshmi | C17: X | E17: 2 | F17: 2 | G17: =MAX(0,IF(E17="",0,E17)-IF(F17="",0,F17)) -> 0
A18: IRN16 | B18: Mohammad Mohebi | C18: X | E18: 1 | F18: 1 | G18: =MAX(0,IF(E18="",0,E18)-IF(F18="",0,F18)) -> 0
A19: IRN17 | B19: Sardar Azmoun | C19: X | G19: =MAX(0,IF(E19="",0,E19)-IF(F19="",0,F19)) -> 0
A20: IRN18 | B20: Mehdi Taremi | C20: X | G20: =MAX(0,IF(E20="",0,E20)-IF(F20="",0,F20)) -> 0
A21: IRN19 | B21: Alireza Jahanbakhsh | C21: X | G21: =MAX(0,IF(E21="",0,E21)-IF(F21="",0,F21)) -> 0
A22: IRN20 | B22: Ali Gholizadeh | C22: X | E22: 2 | F22: 2 | G22: =MAX(0,IF(E22="",0,E22)-IF(F22="",0,F22)) -> 0

Sheet GRUPO G · New Zealand
A1: GRUPO G · New Zealand
A2: Código | B2: Jugador / Cromo | C2: Tengo | D2: Pedir | E2: Repetidos | F2: Enviados | G2: Disponibles
A3: NZL1 | B3: Escudo | C3: X | G3: =MAX(0,IF(E3="",0,E3)-IF(F3="",0,F3)) -> 0
A4: NZL2 | B4: Max Crocombe | C4: X | G4: =MAX(0,IF(E4="",0,E4)-IF(F4="",0,F4)) -> 0
A5: NZL3 | B5: Alex Paulsen | C5: X | E5: 2 | F5: 2 | G5: =MAX(0,IF(E5="",0,E5)-IF(F5="",0,F5)) -> 0
A6: NZL4 | B6: Michael Boxall | C6: X | G6: =MAX(0,IF(E6="",0,E6)-IF(F6="",0,F6)) -> 0
A7: NZL5 | B7: Liberato Cacace | C7: X | G7: =MAX(0,IF(E7="",0,E7)-IF(F7="",0,F7)) -> 0
A8: NZL6 | B8: Tim Payne | C8: X | E8: 3 | F8: 3 | G8: =MAX(0,IF(E8="",0,E8)-IF(F8="",0,F8)) -> 0
A9: NZL7 | B9: Tyler Bindon | C9: X | G9: =MAX(0,IF(E9="",0,E9)-IF(F9="",0,F9)) -> 0
A10: NZL8 | B10: Francis de Vries | C10: X | G10: =MAX(0,IF(E10="",0,E10)-IF(F10="",0,F10)) -> 0
A11: NZL9 | B11: Finn Surman | C11: X | E11: 3 | F11: 3 | G11: =MAX(0,IF(E11="",0,E11)-IF(F11="",0,F11)) -> 0
A12: NZL10 | B12: Joe Bell | C12: X | E12: 1 | F12: 1 | G12: =MAX(0,IF(E12="",0,E12)-IF(F12="",0,F12)) -> 0
A13: NZL11 | B13: Sarpreet Singh | C13: X | G13: =MAX(0,IF(E13="",0,E13)-IF(F13="",0,F13)) -> 0
A14: NZL12 | B14: Ryan Thomas | C14: X | G14: =MAX(0,IF(E14="",0,E14)-IF(F14="",0,F14)) -> 0
A15: NZL13 | B15: Foto Equipo | C15: X | E15: 1 | F15: 1 | G15: =MAX(0,IF(E15="",0,E15)-IF(F15="",0,F15)) -> 0
A16: NZL14 | B16: Matthew Garbett | C16: X | E16: 1 | F16: 1 | G16: =MAX(0,IF(E16="",0,E16)-IF(F16="",0,F16)) -> 0
A17: NZL15 | B17: Marko Stamenić | C17: X | G17: =MAX(0,IF(E17="",0,E17)-IF(F17="",0,F17)) -> 0
A18: NZL16 | B18: Ben Old | C18: X | G18: =MAX(0,IF(E18="",0,E18)-IF(F18="",0,F18)) -> 0
A19: NZL17 | B19: Chris Wood | C19: X | G19: =MAX(0,IF(E19="",0,E19)-IF(F19="",0,F19)) -> 0
A20: NZL18 | B20: Elijah Just | C20: X | G20: =MAX(0,IF(E20="",0,E20)-IF(F20="",0,F20)) -> 0
A21: NZL19 | B21: Callum McCowatt | C21: X | E21: 1 | F21: 1 | G21: =MAX(0,IF(E21="",0,E21)-IF(F21="",0,F21)) -> 0
A22: NZL20 | B22: Kosta Barbarouses | C22: X | E22: 2 | F22: 2 | G22: =MAX(0,IF(E22="",0,E22)-IF(F22="",0,F22)) -> 0

Sheet GRUPO H · España
A1: GRUPO H · España
A2: Código | B2: Jugador / Cromo | C2: Tengo | D2: Pedir | E2: Repetidos | F2: Enviados | G2: Disponibles
A3: ESP1 | B3: Escudo | C3: X | G3: =MAX(0,IF(E3="",0,E3)-IF(F3="",0,F3)) -> 0
A4: ESP2 | B4: Unai Simón | C4: X | G4: =MAX(0,IF(E4="",0,E4)-IF(F4="",0,F4)) -> 0
A5: ESP3 | B5: Robin Le Normand | C5: X | E5: 1 | F5: 1 | G5: =MAX(0,IF(E5="",0,E5)-IF(F5="",0,F5)) -> 0
A6: ESP4 | B6: Aymeric Laporte | C6: X | G6: =MAX(0,IF(E6="",0,E6)-IF(F6="",0,F6)) -> 0
A7: ESP5 | B7: Dean Huijsen | C7: X | E7: 1 | F7: 1 | G7: =MAX(0,IF(E7="",0,E7)-IF(F7="",0,F7)) -> 0
A8: ESP6 | B8: Pedro Porro | C8: X | G8: =MAX(0,IF(E8="",0,E8)-IF(F8="",0,F8)) -> 0
A9: ESP7 | B9: Dani Carvajal | C9: X | G9: =MAX(0,IF(E9="",0,E9)-IF(F9="",0,F9)) -> 0
A10: ESP8 | B10: Marc Cucurella | C10: X | E10: 3 | F10: 3 | G10: =MAX(0,IF(E10="",0,E10)-IF(F10="",0,F10)) -> 0
A11: ESP9 | B11: Martín Zubimendi | C11: X | G11: =MAX(0,IF(E11="",0,E11)-IF(F11="",0,F11)) -> 0
A12: ESP10 | B12: Rodri | C12: X | E12: 3 | F12: 3 | G12: =MAX(0,IF(E12="",0,E12)-IF(F12="",0,F12)) -> 0
A13: ESP11 | B13: Pedri | C13: X | E13: 2 | F13: 2 | G13: =MAX(0,IF(E13="",0,E13)-IF(F13="",0,F13)) -> 0
A14: ESP12 | B14: Fabián Ruiz | C14: X | G14: =MAX(0,IF(E14="",0,E14)-IF(F14="",0,F14)) -> 0
A15: ESP13 | B15: Foto Equipo | C15: X | G15: =MAX(0,IF(E15="",0,E15)-IF(F15="",0,F15)) -> 0
A16: ESP14 | B16: Mikel Merino | C16: X | E16: 1 | F16: 1 | G16: =MAX(0,IF(E16="",0,E16)-IF(F16="",0,F16)) -> 0
A17: ESP15 | B17: Lamine Yamal | C17: X | G17: =MAX(0,IF(E17="",0,E17)-IF(F17="",0,F17)) -> 0
A18: ESP16 | B18: Dani Olmo | C18: X | E18: 1 | F18: 1 | G18: =MAX(0,IF(E18="",0,E18)-IF(F18="",0,F18)) -> 0
A19: ESP17 | B19: Nico Williams | C19: X | G19: =MAX(0,IF(E19="",0,E19)-IF(F19="",0,F19)) -> 0
A20: ESP18 | B20: Ferran Torres | C20: X | G20: =MAX(0,IF(E20="",0,E20)-IF(F20="",0,F20)) -> 0
A21: ESP19 | B21: Álvaro Morata | C21: X | G21: =MAX(0,IF(E21="",0,E21)-IF(F21="",0,F21)) -> 0
A22: ESP20 | B22: Mikel Oyarzabal | C22: X | G22: =MAX(0,IF(E22="",0,E22)-IF(F22="",0,F22)) -> 0

Sheet GRUPO H · Cabo Verde
A1: GRUPO H · Cabo Verde
A2: Código | B2: Jugador / Cromo | C2: Tengo | D2: Pedir | E2: Repetidos | F2: Enviados | G2: Disponibles
A3: CPV1 | B3: Escudo | C3: X | E3: 1 | F3: 1 | G3: =MAX(0,IF(E3="",0,E3)-IF(F3="",0,F3)) -> 0
A4: CPV2 | B4: Vozinha | C4: X | E4: 2 | F4: 2 | G4: =MAX(0,IF(E4="",0,E4)-IF(F4="",0,F4)) -> 0
A5: CPV3 | B5: Logan Costa | C5: X | E5: 3 | F5: 3 | G5: =MAX(0,IF(E5="",0,E5)-IF(F5="",0,F5)) -> 0
A6: CPV4 | B6: Pico | C6: X | G6: =MAX(0,IF(E6="",0,E6)-IF(F6="",0,F6)) -> 0
A7: CPV5 | B7: Diney | C7: X | E7: 2 | F7: 2 | G7: =MAX(0,IF(E7="",0,E7)-IF(F7="",0,F7)) -> 0
A8: CPV6 | B8: Steven Moreira | C8: X | G8: =MAX(0,IF(E8="",0,E8)-IF(F8="",0,F8)) -> 0
A9: CPV7 | B9: Wagner Pina | C9: X | E9: 3 | F9: 3 | G9: =MAX(0,IF(E9="",0,E9)-IF(F9="",0,F9)) -> 0
A10: CPV8 | B10: João Paulo | C10: X | E10: 2 | F10: 2 | G10: =MAX(0,IF(E10="",0,E10)-IF(F10="",0,F10)) -> 0
A11: CPV9 | B11: Yannick Semedo | C11: X | G11: =MAX(0,IF(E11="",0,E11)-IF(F11="",0,F11)) -> 0
A12: CPV10 | B12: Kevin Pina | C12: X | G12: =MAX(0,IF(E12="",0,E12)-IF(F12="",0,F12)) -> 0
A13: CPV11 | B13: Patrick Andrade | C13: X | G13: =MAX(0,IF(E13="",0,E13)-IF(F13="",0,F13)) -> 0
A14: CPV12 | B14: Jamiro Monteiro | C14: X | E14: 1 | F14: 1 | G14: =MAX(0,IF(E14="",0,E14)-IF(F14="",0,F14)) -> 0
A15: CPV13 | B15: Foto Equipo | C15: X | E15: 2 | F15: 2 | G15: =MAX(0,IF(E15="",0,E15)-IF(F15="",0,F15)) -> 0
A16: CPV14 | B16: Deroy Duarte | C16: X | G16: =MAX(0,IF(E16="",0,E16)-IF(F16="",0,F16)) -> 0
A17: CPV15 | B17: Garry Rodrigues | C17: X | G17: =MAX(0,IF(E17="",0,E17)-IF(F17="",0,F17)) -> 0
A18: CPV16 | B18: Jovane Cabral | C18: X | E18: 1 | F18: 1 | G18: =MAX(0,IF(E18="",0,E18)-IF(F18="",0,F18)) -> 0
A19: CPV17 | B19: Ryan Mendes | C19: X | E19: 1 | F19: 1 | G19: =MAX(0,IF(E19="",0,E19)-IF(F19="",0,F19)) -> 0
A20: CPV18 | B20: Dailon Livramento | C20: X | E20: 1 | F20: 1 | G20: =MAX(0,IF(E20="",0,E20)-IF(F20="",0,F20)) -> 0
A21: CPV19 | B21: Willy Semedo | C21: X | E21: 1 | F21: 1 | G21: =MAX(0,IF(E21="",0,E21)-IF(F21="",0,F21)) -> 0
A22: CPV20 | B22: Bebé | C22: X | G22: =MAX(0,IF(E22="",0,E22)-IF(F22="",0,F22)) -> 0

Sheet GRUPO H · Saudi Arabia
A1: GRUPO H · Saudi Arabia
A2: Código | B2: Jugador / Cromo | C2: Tengo | D2: Pedir | E2: Repetidos | F2: Enviados | G2: Disponibles
A3: KSA1 | B3: Escudo | C3: X | G3: =MAX(0,IF(E3="",0,E3)-IF(F3="",0,F3)) -> 0
A4: KSA2 | B4: Nawaf Alaqidi | C4: X | G4: =MAX(0,IF(E4="",0,E4)-IF(F4="",0,F4)) -> 0
A5: KSA3 | B5: Abdulrahman Alsanbi | C5: X | E5: 1 | F5: 1 | G5: =MAX(0,IF(E5="",0,E5)-IF(F5="",0,F5)) -> 0
A6: KSA4 | B6: Saud Abdulhamid | C6: X | E6: 3 | F6: 3 | G6: =MAX(0,IF(E6="",0,E6)-IF(F6="",0,F6)) -> 0
A7: KSA5 | B7: Nawaf Bouwashl | C7: X | G7: =MAX(0,IF(E7="",0,E7)-IF(F7="",0,F7)) -> 0
A8: KSA6 | B8: Jehad Thikri | C8: X | G8: =MAX(0,IF(E8="",0,E8)-IF(F8="",0,F8)) -> 0
A9: KSA7 | B9: Moteb Al-Harbi | C9: X | G9: =MAX(0,IF(E9="",0,E9)-IF(F9="",0,F9)) -> 0
A10: KSA8 | B10: Hassan Altambakti | C10: X | E10: 1 | F10: 1 | G10: =MAX(0,IF(E10="",0,E10)-IF(F10="",0,F10)) -> 0
A11: KSA9 | B11: Musab Aljuwayr | C11: X | G11: =MAX(0,IF(E11="",0,E11)-IF(F11="",0,F11)) -> 0
A12: KSA10 | B12: Ziyad Aljohani | C12: X | G12: =MAX(0,IF(E12="",0,E12)-IF(F12="",0,F12)) -> 0
A13: KSA11 | B13: Abdullah Alkhaibari | C13: X | E13: 3 | F13: 3 | G13: =MAX(0,IF(E13="",0,E13)-IF(F13="",0,F13)) -> 0
A14: KSA12 | B14: Nasser Aldawsari | C14: X | E14: 1 | F14: 1 | G14: =MAX(0,IF(E14="",0,E14)-IF(F14="",0,F14)) -> 0
A15: KSA13 | B15: Foto Equipo | C15: X | G15: =MAX(0,IF(E15="",0,E15)-IF(F15="",0,F15)) -> 0
A16: KSA14 | B16: Saleh Abu Alshamat | C16: X | E16: 1 | F16: 1 | G16: =MAX(0,IF(E16="",0,E16)-IF(F16="",0,F16)) -> 0
A17: KSA15 | B17: Marwan Alsahafi | C17: X | E17: 2 | F17: 2 | G17: =MAX(0,IF(E17="",0,E17)-IF(F17="",0,F17)) -> 0
A18: KSA16 | B18: Salem Aldawsari | C18: X | E18: 2 | F18: 2 | G18: =MAX(0,IF(E18="",0,E18)-IF(F18="",0,F18)) -> 0
A19: KSA17 | B19: Abdulrahman Alobud | C19: X | G19: =MAX(0,IF(E19="",0,E19)-IF(F19="",0,F19)) -> 0
A20: KSA18 | B20: Feras Albrikan | C20: X | G20: =MAX(0,IF(E20="",0,E20)-IF(F20="",0,F20)) -> 0
A21: KSA19 | B21: Saleh Alshehri | C21: X | E21: 2 | F21: 2 | G21: =MAX(0,IF(E21="",0,E21)-IF(F21="",0,F21)) -> 0
A22: KSA20 | B22: Abdullah Alhamdan | C22: X | G22: =MAX(0,IF(E22="",0,E22)-IF(F22="",0,F22)) -> 0

Sheet GRUPO H · Uruguay
A1: GRUPO H · Uruguay
A2: Código | B2: Jugador / Cromo | C2: Tengo | D2: Pedir | E2: Repetidos | F2: Enviados | G2: Disponibles
A3: URU1 | B3: Escudo | C3: X | E3: 4 | F3: 4 | G3: =MAX(0,IF(E3="",0,E3)-IF(F3="",0,F3)) -> 0
A4: URU2 | B4: Sergio Rochet | C4: X | G4: =MAX(0,IF(E4="",0,E4)-IF(F4="",0,F4)) -> 0
A5: URU3 | B5: Santiago Mele | C5: X | G5: =MAX(0,IF(E5="",0,E5)-IF(F5="",0,F5)) -> 0
A6: URU4 | B6: Ronald Araújo | C6: X | G6: =MAX(0,IF(E6="",0,E6)-IF(F6="",0,F6)) -> 0
A7: URU5 | B7: José María Giménez | C7: X | E7: 1 | F7: 1 | G7: =MAX(0,IF(E7="",0,E7)-IF(F7="",0,F7)) -> 0
A8: URU6 | B8: Sebastián Cáceres | C8: X | E8: 2 | F8: 2 | G8: =MAX(0,IF(E8="",0,E8)-IF(F8="",0,F8)) -> 0
A9: URU7 | B9: Mathias Olivera | C9: X | G9: =MAX(0,IF(E9="",0,E9)-IF(F9="",0,F9)) -> 0
A10: URU8 | B10: Guillermo Varela | C10: X | E10: 1 | F10: 1 | G10: =MAX(0,IF(E10="",0,E10)-IF(F10="",0,F10)) -> 0
A11: URU9 | B11: Nahitan Nández | C11: X | G11: =MAX(0,IF(E11="",0,E11)-IF(F11="",0,F11)) -> 0
A12: URU10 | B12: Federico Valverde | C12: X | E12: 1 | F12: 1 | G12: =MAX(0,IF(E12="",0,E12)-IF(F12="",0,F12)) -> 0
A13: URU11 | B13: Giorgian de Arrascaeta | C13: X | G13: =MAX(0,IF(E13="",0,E13)-IF(F13="",0,F13)) -> 0
A14: URU12 | B14: Rodrigo Bentancur | C14: X | G14: =MAX(0,IF(E14="",0,E14)-IF(F14="",0,F14)) -> 0
A15: URU13 | B15: Foto Equipo | C15: X | G15: =MAX(0,IF(E15="",0,E15)-IF(F15="",0,F15)) -> 0
A16: URU14 | B16: Manuel Ugarte | C16: X | G16: =MAX(0,IF(E16="",0,E16)-IF(F16="",0,F16)) -> 0
A17: URU15 | B17: Nicolás de la Cruz | C17: X | E17: 2 | F17: 2 | G17: =MAX(0,IF(E17="",0,E17)-IF(F17="",0,F17)) -> 0
A18: URU16 | B18: Maxi Araújo | C18: X | G18: =MAX(0,IF(E18="",0,E18)-IF(F18="",0,F18)) -> 0
A19: URU17 | B19: Darwin Núñez | C19: X | E19: 2 | F19: 2 | G19: =MAX(0,IF(E19="",0,E19)-IF(F19="",0,F19)) -> 0
A20: URU18 | B20: Federico Viñas | C20: X | G20: =MAX(0,IF(E20="",0,E20)-IF(F20="",0,F20)) -> 0
A21: URU19 | B21: Rodrigo Aguirre | C21: X | E21: 1 | F21: 1 | G21: =MAX(0,IF(E21="",0,E21)-IF(F21="",0,F21)) -> 0
A22: URU20 | B22: Facundo Pellistri | C22: X | E22: 1 | F22: 1 | G22: =MAX(0,IF(E22="",0,E22)-IF(F22="",0,F22)) -> 0

Sheet GRUPO I · France
A1: GRUPO I · France
A2: Código | B2: Jugador / Cromo | C2: Tengo | D2: Pedir | E2: Repetidos | F2: Enviados | G2: Disponibles
A3: FRA1 | B3: Escudo | C3: X | G3: =MAX(0,IF(E3="",0,E3)-IF(F3="",0,F3)) -> 0
A4: FRA2 | B4: Mike Maignan | C4: X | G4: =MAX(0,IF(E4="",0,E4)-IF(F4="",0,F4)) -> 0
A5: FRA3 | B5: Theo Hernández | C5: X | G5: =MAX(0,IF(E5="",0,E5)-IF(F5="",0,F5)) -> 0
A6: FRA4 | B6: William Saliba | C6: X | G6: =MAX(0,IF(E6="",0,E6)-IF(F6="",0,F6)) -> 0
A7: FRA5 | B7: Jules Koundé | C7: X | E7: 1 | F7: 1 | G7: =MAX(0,IF(E7="",0,E7)-IF(F7="",0,F7)) -> 0
A8: FRA6 | B8: Ibrahima Konaté | C8: X | E8: 1 | F8: 1 | G8: =MAX(0,IF(E8="",0,E8)-IF(F8="",0,F8)) -> 0
A9: FRA7 | B9: Dayot Upamecano | C9: X | G9: =MAX(0,IF(E9="",0,E9)-IF(F9="",0,F9)) -> 0
A10: FRA8 | B10: Lucas Digne | C10: X | G10: =MAX(0,IF(E10="",0,E10)-IF(F10="",0,F10)) -> 0
A11: FRA9 | B11: Aurélien Tchouaméni | C11: X | G11: =MAX(0,IF(E11="",0,E11)-IF(F11="",0,F11)) -> 0
A12: FRA10 | B12: Eduardo Camavinga | C12: X | G12: =MAX(0,IF(E12="",0,E12)-IF(F12="",0,F12)) -> 0
A13: FRA11 | B13: Manu Koné | C13: X | G13: =MAX(0,IF(E13="",0,E13)-IF(F13="",0,F13)) -> 0
A14: FRA12 | B14: Adrien Rabiot | C14: X | G14: =MAX(0,IF(E14="",0,E14)-IF(F14="",0,F14)) -> 0
A15: FRA13 | B15: Foto Equipo | C15: X | G15: =MAX(0,IF(E15="",0,E15)-IF(F15="",0,F15)) -> 0
A16: FRA14 | B16: Michael Olise | C16: X | G16: =MAX(0,IF(E16="",0,E16)-IF(F16="",0,F16)) -> 0
A17: FRA15 | B17: Ousmane Dembélé | C17: X | G17: =MAX(0,IF(E17="",0,E17)-IF(F17="",0,F17)) -> 0
A18: FRA16 | B18: Bradley Barcola | C18: X | G18: =MAX(0,IF(E18="",0,E18)-IF(F18="",0,F18)) -> 0
A19: FRA17 | B19: Désiré Doué | C19: X | G19: =MAX(0,IF(E19="",0,E19)-IF(F19="",0,F19)) -> 0
A20: FRA18 | B20: Kingsley Coman | C20: X | G20: =MAX(0,IF(E20="",0,E20)-IF(F20="",0,F20)) -> 0
A21: FRA19 | B21: Hugo Ekitiké | C21: X | E21: 2 | F21: 2 | G21: =MAX(0,IF(E21="",0,E21)-IF(F21="",0,F21)) -> 0
A22: FRA20 | B22: Kylian Mbappé | C22: X | E22: 3 | F22: 3 | G22: =MAX(0,IF(E22="",0,E22)-IF(F22="",0,F22)) -> 0

Sheet GRUPO I · Senegal
A1: GRUPO I · Senegal
A2: Código | B2: Jugador / Cromo | C2: Tengo | D2: Pedir | E2: Repetidos | F2: Enviados | G2: Disponibles
A3: SEN1 | B3: Escudo | C3: X | G3: =MAX(0,IF(E3="",0,E3)-IF(F3="",0,F3)) -> 0
A4: SEN2 | B4: Edouard Mendy | C4: X | G4: =MAX(0,IF(E4="",0,E4)-IF(F4="",0,F4)) -> 0
A5: SEN3 | B5: Yehvann Diouf | C5: X | G5: =MAX(0,IF(E5="",0,E5)-IF(F5="",0,F5)) -> 0
A6: SEN4 | B6: Moussa Niakhaté | C6: X | E6: 2 | F6: 2 | G6: =MAX(0,IF(E6="",0,E6)-IF(F6="",0,F6)) -> 0
A7: SEN5 | B7: Abdoulaye Seck | C7: X | G7: =MAX(0,IF(E7="",0,E7)-IF(F7="",0,F7)) -> 0
A8: SEN6 | B8: Ismail Jakobs | C8: X | E8: 1 | F8: 1 | G8: =MAX(0,IF(E8="",0,E8)-IF(F8="",0,F8)) -> 0
A9: SEN7 | B9: El Hadji Malick Diouf | C9: X | G9: =MAX(0,IF(E9="",0,E9)-IF(F9="",0,F9)) -> 0
A10: SEN8 | B10: Kalidou Koulibaly | C10: X | E10: 1 | F10: 1 | G10: =MAX(0,IF(E10="",0,E10)-IF(F10="",0,F10)) -> 0
A11: SEN9 | B11: Idrissa Gana Gueye | C11: X | E11: 1 | F11: 1 | G11: =MAX(0,IF(E11="",0,E11)-IF(F11="",0,F11)) -> 0
A12: SEN10 | B12: Pape Matar Sarr | C12: X | E12: 1 | F12: 1 | G12: =MAX(0,IF(E12="",0,E12)-IF(F12="",0,F12)) -> 0
A13: SEN11 | B13: Pape Gueye | C13: X | E13: 2 | F13: 2 | G13: =MAX(0,IF(E13="",0,E13)-IF(F13="",0,F13)) -> 0
A14: SEN12 | B14: Habib Diarra | C14: X | G14: =MAX(0,IF(E14="",0,E14)-IF(F14="",0,F14)) -> 0
A15: SEN13 | B15: Foto Equipo | C15: X | G15: =MAX(0,IF(E15="",0,E15)-IF(F15="",0,F15)) -> 0
A16: SEN14 | B16: Lamine Camara | C16: X | G16: =MAX(0,IF(E16="",0,E16)-IF(F16="",0,F16)) -> 0
A17: SEN15 | B17: Sadio Mané | C17: X | G17: =MAX(0,IF(E17="",0,E17)-IF(F17="",0,F17)) -> 0
A18: SEN16 | B18: Ismaïla Sarr | C18: X | G18: =MAX(0,IF(E18="",0,E18)-IF(F18="",0,F18)) -> 0
A19: SEN17 | B19: Boulaye Dia | C19: X | E19: 2 | F19: 2 | G19: =MAX(0,IF(E19="",0,E19)-IF(F19="",0,F19)) -> 0
A20: SEN18 | B20: Iliman Ndiaye | C20: X | G20: =MAX(0,IF(E20="",0,E20)-IF(F20="",0,F20)) -> 0
A21: SEN19 | B21: Nicolas Jackson | C21: X | E21: 1 | F21: 1 | G21: =MAX(0,IF(E21="",0,E21)-IF(F21="",0,F21)) -> 0
A22: SEN20 | B22: Krépin Diatta | C22: X | G22: =MAX(0,IF(E22="",0,E22)-IF(F22="",0,F22)) -> 0

Sheet GRUPO I · Iraq
A1: GRUPO I · Iraq
A2: Código | B2: Jugador / Cromo | C2: Tengo | D2: Pedir | E2: Repetidos | F2: Enviados | G2: Disponibles
A3: IRQ1 | B3: Escudo | C3: X | E3: 1 | F3: 1 | G3: =MAX(0,IF(E3="",0,E3)-IF(F3="",0,F3)) -> 0
A4: IRQ2 | B4: Jalal Hassan | C4: X | E4: 1 | F4: 1 | G4: =MAX(0,IF(E4="",0,E4)-IF(F4="",0,F4)) -> 0
A5: IRQ3 | B5: Rebin Sulaka | C5: X | E5: 1 | F5: 1 | G5: =MAX(0,IF(E5="",0,E5)-IF(F5="",0,F5)) -> 0
A6: IRQ4 | B6: Hussein Ali | C6: X | G6: =MAX(0,IF(E6="",0,E6)-IF(F6="",0,F6)) -> 0
A7: IRQ5 | B7: Akam Hashem | C7: X | G7: =MAX(0,IF(E7="",0,E7)-IF(F7="",0,F7)) -> 0
A8: IRQ6 | B8: Merchas Doski | C8: X | E8: 1 | F8: 1 | G8: =MAX(0,IF(E8="",0,E8)-IF(F8="",0,F8)) -> 0
A9: IRQ7 | B9: Zaid Tahseen | C9: X | E9: 2 | F9: 2 | G9: =MAX(0,IF(E9="",0,E9)-IF(F9="",0,F9)) -> 0
A10: IRQ8 | B10: Manaf Younis | C10: X | E10: 3 | F10: 3 | G10: =MAX(0,IF(E10="",0,E10)-IF(F10="",0,F10)) -> 0
A11: IRQ9 | B11: Zidane Iqbal | C11: X | E11: 1 | F11: 1 | G11: =MAX(0,IF(E11="",0,E11)-IF(F11="",0,F11)) -> 0
A12: IRQ10 | B12: Amir Al-Ammari | C12: X | G12: =MAX(0,IF(E12="",0,E12)-IF(F12="",0,F12)) -> 0
A13: IRQ11 | B13: Ibrahim Bavesh | C13: X | G13: =MAX(0,IF(E13="",0,E13)-IF(F13="",0,F13)) -> 0
A14: IRQ12 | B14: Ali Jasim | C14: X | E14: 1 | F14: 1 | G14: =MAX(0,IF(E14="",0,E14)-IF(F14="",0,F14)) -> 0
A15: IRQ13 | B15: Foto Equipo | C15: X | E15: 1 | F15: 1 | G15: =MAX(0,IF(E15="",0,E15)-IF(F15="",0,F15)) -> 0
A16: IRQ14 | B16: Youssef Amyn | C16: X | E16: 2 | F16: 2 | G16: =MAX(0,IF(E16="",0,E16)-IF(F16="",0,F16)) -> 0
A17: IRQ15 | B17: Aimar Sher | C17: X | G17: =MAX(0,IF(E17="",0,E17)-IF(F17="",0,F17)) -> 0
A18: IRQ16 | B18: Marko Farji | C18: X | E18: 2 | F18: 2 | G18: =MAX(0,IF(E18="",0,E18)-IF(F18="",0,F18)) -> 0
A19: IRQ17 | B19: Osama Rashid | C19: X | G19: =MAX(0,IF(E19="",0,E19)-IF(F19="",0,F19)) -> 0
A20: IRQ18 | B20: Ali Al-Hamadi | C20: X | E20: 1 | F20: 1 | G20: =MAX(0,IF(E20="",0,E20)-IF(F20="",0,F20)) -> 0
A21: IRQ19 | B21: Aymen Hussein | C21: X | E21: 2 | F21: 2 | G21: =MAX(0,IF(E21="",0,E21)-IF(F21="",0,F21)) -> 0
A22: IRQ20 | B22: Mohanad Ali | C22: X | G22: =MAX(0,IF(E22="",0,E22)-IF(F22="",0,F22)) -> 0

Sheet GRUPO I · Norway
A1: GRUPO I · Norway
A2: Código | B2: Jugador / Cromo | C2: Tengo | D2: Pedir | E2: Repetidos | F2: Enviados | G2: Disponibles
A3: NOR1 | B3: Escudo | C3: X | E3: 1 | F3: 1 | G3: =MAX(0,IF(E3="",0,E3)-IF(F3="",0,F3)) -> 0
A4: NOR2 | B4: Ørjan Nyland | C4: X | G4: =MAX(0,IF(E4="",0,E4)-IF(F4="",0,F4)) -> 0
A5: NOR3 | B5: Julian Ryerson | C5: X | G5: =MAX(0,IF(E5="",0,E5)-IF(F5="",0,F5)) -> 0
A6: NOR4 | B6: Leo Østigård | C6: X | E6: 3 | F6: 3 | G6: =MAX(0,IF(E6="",0,E6)-IF(F6="",0,F6)) -> 0
A7: NOR5 | B7: Kristoffer Vassbakk Ajer | C7: X | G7: =MAX(0,IF(E7="",0,E7)-IF(F7="",0,F7)) -> 0
A8: NOR6 | B8: Marcus Holmgren Pedersen | C8: X | E8: 1 | F8: 1 | G8: =MAX(0,IF(E8="",0,E8)-IF(F8="",0,F8)) -> 0
A9: NOR7 | B9: David Møller Wolfe | C9: X | G9: =MAX(0,IF(E9="",0,E9)-IF(F9="",0,F9)) -> 0
A10: NOR8 | B10: Torbjørn Heggem | C10: X | G10: =MAX(0,IF(E10="",0,E10)-IF(F10="",0,F10)) -> 0
A11: NOR9 | B11: Morten Thorsby | C11: X | E11: 1 | F11: 1 | G11: =MAX(0,IF(E11="",0,E11)-IF(F11="",0,F11)) -> 0
A12: NOR10 | B12: Martin Ødegaard | C12: X | E12: 1 | F12: 1 | G12: =MAX(0,IF(E12="",0,E12)-IF(F12="",0,F12)) -> 0
A13: NOR11 | B13: Sander Berge | C13: X | E13: 1 | F13: 1 | G13: =MAX(0,IF(E13="",0,E13)-IF(F13="",0,F13)) -> 0
A14: NOR12 | B14: Andreas Schjelderup | C14: X | E14: 1 | F14: 1 | G14: =MAX(0,IF(E14="",0,E14)-IF(F14="",0,F14)) -> 0
A15: NOR13 | B15: Foto Equipo | C15: X | G15: =MAX(0,IF(E15="",0,E15)-IF(F15="",0,F15)) -> 0
A16: NOR14 | B16: Patrick Berg | C16: X | G16: =MAX(0,IF(E16="",0,E16)-IF(F16="",0,F16)) -> 0
A17: NOR15 | B17: Erling Haaland | C17: X | G17: =MAX(0,IF(E17="",0,E17)-IF(F17="",0,F17)) -> 0
A18: NOR16 | B18: Alexander Sørloth | C18: X | E18: 1 | F18: 1 | G18: =MAX(0,IF(E18="",0,E18)-IF(F18="",0,F18)) -> 0
A19: NOR17 | B19: Aron Dønnum | C19: X | E19: 1 | F19: 1 | G19: =MAX(0,IF(E19="",0,E19)-IF(F19="",0,F19)) -> 0
A20: NOR18 | B20: Jørgen Strand Larsen | C20: X | G20: =MAX(0,IF(E20="",0,E20)-IF(F20="",0,F20)) -> 0
A21: NOR19 | B21: Antonio Nusa | C21: X | E21: 1 | F21: 1 | G21: =MAX(0,IF(E21="",0,E21)-IF(F21="",0,F21)) -> 0
A22: NOR20 | B22: Oscar Bobb | C22: X | G22: =MAX(0,IF(E22="",0,E22)-IF(F22="",0,F22)) -> 0

Sheet GRUPO J · Argentina
A1: GRUPO J · Argentina
A2: Código | B2: Jugador / Cromo | C2: Tengo | D2: Pedir | E2: Repetidos | F2: Enviados | G2: Disponibles
A3: ARG1 | B3: Escudo | C3: X | G3: =MAX(0,IF(E3="",0,E3)-IF(F3="",0,F3)) -> 0
A4: ARG2 | B4: Emiliano Martínez | C4: X | E4: 1 | F4: 1 | G4: =MAX(0,IF(E4="",0,E4)-IF(F4="",0,F4)) -> 0
A5: ARG3 | B5: Nahuel Molina | C5: X | E5: 1 | F5: 1 | G5: =MAX(0,IF(E5="",0,E5)-IF(F5="",0,F5)) -> 0
A6: ARG4 | B6: Cristian Romero | C6: X | E6: 3 | F6: 3 | G6: =MAX(0,IF(E6="",0,E6)-IF(F6="",0,F6)) -> 0
A7: ARG5 | B7: Nicolás Otamendi | C7: X | G7: =MAX(0,IF(E7="",0,E7)-IF(F7="",0,F7)) -> 0
A8: ARG6 | B8: Nicolás Tagliafico | C8: X | E8: 1 | F8: 1 | G8: =MAX(0,IF(E8="",0,E8)-IF(F8="",0,F8)) -> 0
A9: ARG7 | B9: Leonardo Balerdi | C9: X | E9: 1 | F9: 1 | G9: =MAX(0,IF(E9="",0,E9)-IF(F9="",0,F9)) -> 0
A10: ARG8 | B10: Enzo Fernández | C10: X | E10: 1 | F10: 1 | G10: =MAX(0,IF(E10="",0,E10)-IF(F10="",0,F10)) -> 0
A11: ARG9 | B11: Alexis Mac Allister | C11: X | E11: 2 | F11: 2 | G11: =MAX(0,IF(E11="",0,E11)-IF(F11="",0,F11)) -> 0
A12: ARG10 | B12: Rodrigo de Paul | C12: X | G12: =MAX(0,IF(E12="",0,E12)-IF(F12="",0,F12)) -> 0
A13: ARG11 | B13: Exequiel Palacios | C13: X | E13: 1 | F13: 1 | G13: =MAX(0,IF(E13="",0,E13)-IF(F13="",0,F13)) -> 0
A14: ARG12 | B14: Leandro Paredes | C14: X | E14: 1 | F14: 1 | G14: =MAX(0,IF(E14="",0,E14)-IF(F14="",0,F14)) -> 0
A15: ARG13 | B15: Foto Equipo | C15: X | E15: 2 | F15: 2 | G15: =MAX(0,IF(E15="",0,E15)-IF(F15="",0,F15)) -> 0
A16: ARG14 | B16: Nico Paz | C16: X | E16: 1 | F16: 1 | G16: =MAX(0,IF(E16="",0,E16)-IF(F16="",0,F16)) -> 0
A17: ARG15 | B17: Franco Mastantuono | C17: X | G17: =MAX(0,IF(E17="",0,E17)-IF(F17="",0,F17)) -> 0
A18: ARG16 | B18: Nico González | C18: X | E18: 2 | F18: 2 | G18: =MAX(0,IF(E18="",0,E18)-IF(F18="",0,F18)) -> 0
A19: ARG17 | B19: Lionel Messi | C19: X | G19: =MAX(0,IF(E19="",0,E19)-IF(F19="",0,F19)) -> 0
A20: ARG18 | B20: Lautaro Martínez | C20: X | E20: 1 | F20: 1 | G20: =MAX(0,IF(E20="",0,E20)-IF(F20="",0,F20)) -> 0
A21: ARG19 | B21: Julián Álvarez | C21: X | G21: =MAX(0,IF(E21="",0,E21)-IF(F21="",0,F21)) -> 0
A22: ARG20 | B22: Giuliano Simeone | C22: X | E22: 1 | F22: 1 | G22: =MAX(0,IF(E22="",0,E22)-IF(F22="",0,F22)) -> 0

Sheet GRUPO J · Algeria
A1: GRUPO J · Algeria
A2: Código | B2: Jugador / Cromo | C2: Tengo | D2: Pedir | E2: Repetidos | F2: Enviados | G2: Disponibles
A3: ALG1 | B3: Escudo | C3: X | E3: 1 | F3: 1 | G3: =MAX(0,IF(E3="",0,E3)-IF(F3="",0,F3)) -> 0
A4: ALG2 | B4: Alexis Guendouz | C4: X | E4: 1 | F4: 1 | G4: =MAX(0,IF(E4="",0,E4)-IF(F4="",0,F4)) -> 0
A5: ALG3 | B5: Ramy Bensebaini | C5: X | G5: =MAX(0,IF(E5="",0,E5)-IF(F5="",0,F5)) -> 0
A6: ALG4 | B6: Youcef Atal | C6: X | G6: =MAX(0,IF(E6="",0,E6)-IF(F6="",0,F6)) -> 0
A7: ALG5 | B7: Rayan Aït-Nouri | C7: X | G7: =MAX(0,IF(E7="",0,E7)-IF(F7="",0,F7)) -> 0
A8: ALG6 | B8: Mohamed Amine Tougai | C8: X | G8: =MAX(0,IF(E8="",0,E8)-IF(F8="",0,F8)) -> 0
A9: ALG7 | B9: Aïssa Mandi | C9: X | E9: 1 | F9: 1 | G9: =MAX(0,IF(E9="",0,E9)-IF(F9="",0,F9)) -> 0
A10: ALG8 | B10: Ismaël Bennacer | C10: X | E10: 1 | F10: 1 | G10: =MAX(0,IF(E10="",0,E10)-IF(F10="",0,F10)) -> 0
A11: ALG9 | B11: Houssem Aouar | C11: X | E11: 1 | F11: 1 | G11: =MAX(0,IF(E11="",0,E11)-IF(F11="",0,F11)) -> 0
A12: ALG10 | B12: Hicham Boudaoui | C12: X | G12: =MAX(0,IF(E12="",0,E12)-IF(F12="",0,F12)) -> 0
A13: ALG11 | B13: Ramiz Zerrouki | C13: X | E13: 1 | F13: 1 | G13: =MAX(0,IF(E13="",0,E13)-IF(F13="",0,F13)) -> 0
A14: ALG12 | B14: Nabil Bentaleb | C14: X | E14: 1 | F14: 1 | G14: =MAX(0,IF(E14="",0,E14)-IF(F14="",0,F14)) -> 0
A15: ALG13 | B15: Foto Equipo | C15: X | G15: =MAX(0,IF(E15="",0,E15)-IF(F15="",0,F15)) -> 0
A16: ALG14 | B16: Farès Chaïbi | C16: X | G16: =MAX(0,IF(E16="",0,E16)-IF(F16="",0,F16)) -> 0
A17: ALG15 | B17: Riyad Mahrez | C17: X | E17: 2 | F17: 2 | G17: =MAX(0,IF(E17="",0,E17)-IF(F17="",0,F17)) -> 0
A18: ALG16 | B18: Saïd Benrahma | C18: X | E18: 2 | F18: 2 | G18: =MAX(0,IF(E18="",0,E18)-IF(F18="",0,F18)) -> 0
A19: ALG17 | B19: Anis Hadj Moussa | C19: X | E19: 1 | F19: 1 | G19: =MAX(0,IF(E19="",0,E19)-IF(F19="",0,F19)) -> 0
A20: ALG18 | B20: Amine Gouiri | C20: X | E20: 2 | F20: 2 | G20: =MAX(0,IF(E20="",0,E20)-IF(F20="",0,F20)) -> 0
A21: ALG19 | B21: Baghdad Bounedjah | C21: X | E21: 1 | F21: 1 | G21: =MAX(0,IF(E21="",0,E21)-IF(F21="",0,F21)) -> 0
A22: ALG20 | B22: Mohammed Amoura | C22: X | G22: =MAX(0,IF(E22="",0,E22)-IF(F22="",0,F22)) -> 0

Sheet GRUPO J · Austria
A1: GRUPO J · Austria
A2: Código | B2: Jugador / Cromo | C2: Tengo | D2: Pedir | E2: Repetidos | F2: Enviados | G2: Disponibles
A3: AUT1 | B3: Escudo | C3: X | E3: 3 | F3: 3 | G3: =MAX(0,IF(E3="",0,E3)-IF(F3="",0,F3)) -> 0
A4: AUT2 | B4: Alexander Schlager | C4: X | E4: 1 | F4: 1 | G4: =MAX(0,IF(E4="",0,E4)-IF(F4="",0,F4)) -> 0
A5: AUT3 | B5: Patrick Pentz | C5: X | G5: =MAX(0,IF(E5="",0,E5)-IF(F5="",0,F5)) -> 0
A6: AUT4 | B6: David Alaba | C6: X | E6: 2 | F6: 2 | G6: =MAX(0,IF(E6="",0,E6)-IF(F6="",0,F6)) -> 0
A7: AUT5 | B7: Kevin Danso | C7: X | G7: =MAX(0,IF(E7="",0,E7)-IF(F7="",0,F7)) -> 0
A8: AUT6 | B8: Philipp Lienhart | C8: X | E8: 1 | F8: 1 | G8: =MAX(0,IF(E8="",0,E8)-IF(F8="",0,F8)) -> 0
A9: AUT7 | B9: Stefan Posch | C9: X | G9: =MAX(0,IF(E9="",0,E9)-IF(F9="",0,F9)) -> 0
A10: AUT8 | B10: Phillipp Mwene | C10: X | E10: 2 | F10: 2 | G10: =MAX(0,IF(E10="",0,E10)-IF(F10="",0,F10)) -> 0
A11: AUT9 | B11: Alexander Prass | C11: X | E11: 1 | F11: 1 | G11: =MAX(0,IF(E11="",0,E11)-IF(F11="",0,F11)) -> 0
A12: AUT10 | B12: Xaver Schlager | C12: X | G12: =MAX(0,IF(E12="",0,E12)-IF(F12="",0,F12)) -> 0
A13: AUT11 | B13: Marcel Sabitzer | C13: X | E13: 1 | F13: 1 | G13: =MAX(0,IF(E13="",0,E13)-IF(F13="",0,F13)) -> 0
A14: AUT12 | B14: Konrad Laimer | C14: X | E14: 3 | F14: 3 | G14: =MAX(0,IF(E14="",0,E14)-IF(F14="",0,F14)) -> 0
A15: AUT13 | B15: Foto Equipo | C15: X | G15: =MAX(0,IF(E15="",0,E15)-IF(F15="",0,F15)) -> 0
A16: AUT14 | B16: Florian Grillitsch | C16: X | E16: 1 | F16: 1 | G16: =MAX(0,IF(E16="",0,E16)-IF(F16="",0,F16)) -> 0
A17: AUT15 | B17: Nicolas Seiwald | C17: X | E17: 2 | F17: 2 | G17: =MAX(0,IF(E17="",0,E17)-IF(F17="",0,F17)) -> 0
A18: AUT16 | B18: Romano Schmid | C18: X | G18: =MAX(0,IF(E18="",0,E18)-IF(F18="",0,F18)) -> 0
A19: AUT17 | B19: Patrick Wimmer | C19: X | G19: =MAX(0,IF(E19="",0,E19)-IF(F19="",0,F19)) -> 0
A20: AUT18 | B20: Christoph Baumgartner | C20: X | G20: =MAX(0,IF(E20="",0,E20)-IF(F20="",0,F20)) -> 0
A21: AUT19 | B21: Michael Gregoritsch | C21: X | E21: 1 | F21: 1 | G21: =MAX(0,IF(E21="",0,E21)-IF(F21="",0,F21)) -> 0
A22: AUT20 | B22: Marko Arnautović | C22: X | G22: =MAX(0,IF(E22="",0,E22)-IF(F22="",0,F22)) -> 0

Sheet GRUPO J · Jordan
A1: GRUPO J · Jordan
A2: Código | B2: Jugador / Cromo | C2: Tengo | D2: Pedir | E2: Repetidos | F2: Enviados | G2: Disponibles
A3: JOR1 | B3: Escudo | C3: X | G3: =MAX(0,IF(E3="",0,E3)-IF(F3="",0,F3)) -> 0
A4: JOR2 | B4: Yazeed Abulaila | C4: X | G4: =MAX(0,IF(E4="",0,E4)-IF(F4="",0,F4)) -> 0
A5: JOR3 | B5: Ihsan Haddad | C5: X | G5: =MAX(0,IF(E5="",0,E5)-IF(F5="",0,F5)) -> 0
A6: JOR4 | B6: Mohammad Abu Hashish | C6: X | E6: 3 | F6: 3 | G6: =MAX(0,IF(E6="",0,E6)-IF(F6="",0,F6)) -> 0
A7: JOR5 | B7: Yazan Al-Arab | C7: X | G7: =MAX(0,IF(E7="",0,E7)-IF(F7="",0,F7)) -> 0
A8: JOR6 | B8: Abdullah Nasib | C8: X | G8: =MAX(0,IF(E8="",0,E8)-IF(F8="",0,F8)) -> 0
A9: JOR7 | B9: Saleem Obaid | C9: X | E9: 1 | F9: 1 | G9: =MAX(0,IF(E9="",0,E9)-IF(F9="",0,F9)) -> 0
A10: JOR8 | B10: Mohammad Abualnadi | C10: X | G10: =MAX(0,IF(E10="",0,E10)-IF(F10="",0,F10)) -> 0
A11: JOR9 | B11: Ibrahim Saadeh | C11: X | G11: =MAX(0,IF(E11="",0,E11)-IF(F11="",0,F11)) -> 0
A12: JOR10 | B12: Nizar Al-Rashdan | C12: X | G12: =MAX(0,IF(E12="",0,E12)-IF(F12="",0,F12)) -> 0
A13: JOR11 | B13: Noor Al-Rawabdeh | C13: X | E13: 4 | F13: 4 | G13: =MAX(0,IF(E13="",0,E13)-IF(F13="",0,F13)) -> 0
A14: JOR12 | B14: Mohannad Abu Taha | C14: X | G14: =MAX(0,IF(E14="",0,E14)-IF(F14="",0,F14)) -> 0
A15: JOR13 | B15: Foto Equipo | C15: X | E15: 2 | F15: 2 | G15: =MAX(0,IF(E15="",0,E15)-IF(F15="",0,F15)) -> 0
A16: JOR14 | B16: Amer Jamous | C16: X | E16: 2 | F16: 2 | G16: =MAX(0,IF(E16="",0,E16)-IF(F16="",0,F16)) -> 0
A17: JOR15 | B17: Mousa Al-Taamari | C17: X | G17: =MAX(0,IF(E17="",0,E17)-IF(F17="",0,F17)) -> 0
A18: JOR16 | B18: Yazan Al-Naimat | C18: X | E18: 1 | F18: 1 | G18: =MAX(0,IF(E18="",0,E18)-IF(F18="",0,F18)) -> 0
A19: JOR17 | B19: Mahmoud Al-Mardi | C19: X | E19: 1 | F19: 1 | G19: =MAX(0,IF(E19="",0,E19)-IF(F19="",0,F19)) -> 0
A20: JOR18 | B20: Ali Olwan | C20: X | G20: =MAX(0,IF(E20="",0,E20)-IF(F20="",0,F20)) -> 0
A21: JOR19 | B21: Mohammad Abu Zrayq | C21: X | G21: =MAX(0,IF(E21="",0,E21)-IF(F21="",0,F21)) -> 0
A22: JOR20 | B22: Ibrahim Sabra | C22: X | G22: =MAX(0,IF(E22="",0,E22)-IF(F22="",0,F22)) -> 0

Sheet GRUPO K · Portugal
A1: GRUPO K · Portugal
A2: Código | B2: Jugador / Cromo | C2: Tengo | D2: Pedir | E2: Repetidos | F2: Enviados | G2: Disponibles
A3: POR1 | B3: Escudo | C3: X | E3: 1 | F3: 1 | G3: =MAX(0,IF(E3="",0,E3)-IF(F3="",0,F3)) -> 0
A4: POR2 | B4: Diogo Costa | C4: X | E4: 2 | F4: 2 | G4: =MAX(0,IF(E4="",0,E4)-IF(F4="",0,F4)) -> 0
A5: POR3 | B5: José Sá | C5: X | G5: =MAX(0,IF(E5="",0,E5)-IF(F5="",0,F5)) -> 0
A6: POR4 | B6: Rubén Dias | C6: X | E6: 1 | F6: 1 | G6: =MAX(0,IF(E6="",0,E6)-IF(F6="",0,F6)) -> 0
A7: POR5 | B7: João Cancelo | C7: X | E7: 1 | F7: 1 | G7: =MAX(0,IF(E7="",0,E7)-IF(F7="",0,F7)) -> 0
A8: POR6 | B8: Diogo Dalot | C8: X | E8: 2 | F8: 2 | G8: =MAX(0,IF(E8="",0,E8)-IF(F8="",0,F8)) -> 0
A9: POR7 | B9: Nuno Mendes | C9: X | G9: =MAX(0,IF(E9="",0,E9)-IF(F9="",0,F9)) -> 0
A10: POR8 | B10: Gonçalo Inácio | C10: X | G10: =MAX(0,IF(E10="",0,E10)-IF(F10="",0,F10)) -> 0
A11: POR9 | B11: Bernardo Silva | C11: X | G11: =MAX(0,IF(E11="",0,E11)-IF(F11="",0,F11)) -> 0
A12: POR10 | B12: Bruno Fernandes | C12: X | E12: 3 | F12: 3 | G12: =MAX(0,IF(E12="",0,E12)-IF(F12="",0,F12)) -> 0
A13: POR11 | B13: Rubén Neves | C13: X | E13: 1 | F13: 1 | G13: =MAX(0,IF(E13="",0,E13)-IF(F13="",0,F13)) -> 0
A14: POR12 | B14: Vitinha | C14: X | E14: 1 | F14: 1 | G14: =MAX(0,IF(E14="",0,E14)-IF(F14="",0,F14)) -> 0
A15: POR13 | B15: Foto Equipo | C15: X | E15: 1 | F15: 1 | G15: =MAX(0,IF(E15="",0,E15)-IF(F15="",0,F15)) -> 0
A16: POR14 | B16: João Neves | C16: X | G16: =MAX(0,IF(E16="",0,E16)-IF(F16="",0,F16)) -> 0
A17: POR15 | B17: Cristiano Ronaldo | C17: X | G17: =MAX(0,IF(E17="",0,E17)-IF(F17="",0,F17)) -> 0
A18: POR16 | B18: Francisco Trincão | C18: X | E18: 2 | F18: 2 | G18: =MAX(0,IF(E18="",0,E18)-IF(F18="",0,F18)) -> 0
A19: POR17 | B19: João Félix | C19: X | E19: 1 | F19: 1 | G19: =MAX(0,IF(E19="",0,E19)-IF(F19="",0,F19)) -> 0
A20: POR18 | B20: Gonçalo Ramos | C20: X | G20: =MAX(0,IF(E20="",0,E20)-IF(F20="",0,F20)) -> 0
A21: POR19 | B21: Pedro Neto | C21: X | E21: 1 | F21: 1 | G21: =MAX(0,IF(E21="",0,E21)-IF(F21="",0,F21)) -> 0
A22: POR20 | B22: Rafael Leão | C22: X | E22: 2 | F22: 2 | G22: =MAX(0,IF(E22="",0,E22)-IF(F22="",0,F22)) -> 0

Sheet GRUPO K · Congo DR
A1: GRUPO K · Congo DR
A2: Código | B2: Jugador / Cromo | C2: Tengo | D2: Pedir | E2: Repetidos | F2: Enviados | G2: Disponibles
A3: COD1 | B3: Escudo | C3: X | E3: 2 | F3: 2 | G3: =MAX(0,IF(E3="",0,E3)-IF(F3="",0,F3)) -> 0
A4: COD2 | B4: Lionel Mpasi | C4: X | E4: 2 | F4: 2 | G4: =MAX(0,IF(E4="",0,E4)-IF(F4="",0,F4)) -> 0
A5: COD3 | B5: Aaron Wan-Bissaka | C5: X | G5: =MAX(0,IF(E5="",0,E5)-IF(F5="",0,F5)) -> 0
A6: COD4 | B6: Axel Tuanzebe | C6: X | G6: =MAX(0,IF(E6="",0,E6)-IF(F6="",0,F6)) -> 0
A7: COD5 | B7: Arthur Masuaku | C7: X | G7: =MAX(0,IF(E7="",0,E7)-IF(F7="",0,F7)) -> 0
A8: COD6 | B8: Chancel Mbemba | C8: X | G8: =MAX(0,IF(E8="",0,E8)-IF(F8="",0,F8)) -> 0
A9: COD7 | B9: Joris Kavembe | C9: X | E9: 2 | F9: 2 | G9: =MAX(0,IF(E9="",0,E9)-IF(F9="",0,F9)) -> 0
A10: COD8 | B10: Charles Pickel | C10: X | E10: 1 | F10: 1 | G10: =MAX(0,IF(E10="",0,E10)-IF(F10="",0,F10)) -> 0
A11: COD9 | B11: Ngal'ayel Mukau | C11: X | G11: =MAX(0,IF(E11="",0,E11)-IF(F11="",0,F11)) -> 0
A12: COD10 | B12: Edo Kavembe | C12: X | E12: 1 | F12: 1 | G12: =MAX(0,IF(E12="",0,E12)-IF(F12="",0,F12)) -> 0
A13: COD11 | B13: Samuel Moutoussamy | C13: X | E13: 2 | F13: 2 | G13: =MAX(0,IF(E13="",0,E13)-IF(F13="",0,F13)) -> 0
A14: COD12 | B14: Noah Sadiki | C14: X | E14: 2 | F14: 2 | G14: =MAX(0,IF(E14="",0,E14)-IF(F14="",0,F14)) -> 0
A15: COD13 | B15: Foto Equipo | C15: X | E15: 2 | F15: 2 | G15: =MAX(0,IF(E15="",0,E15)-IF(F15="",0,F15)) -> 0
A16: COD14 | B16: Théo Bongonda | C16: X | E16: 1 | F16: 1 | G16: =MAX(0,IF(E16="",0,E16)-IF(F16="",0,F16)) -> 0
A17: COD15 | B17: Meschack Elia | C17: X | G17: =MAX(0,IF(E17="",0,E17)-IF(F17="",0,F17)) -> 0
A18: COD16 | B18: Yoane Wissa | C18: X | E18: 1 | F18: 1 | G18: =MAX(0,IF(E18="",0,E18)-IF(F18="",0,F18)) -> 0
A19: COD17 | B19: Brian Cipenga | C19: X | E19: 2 | F19: 2 | G19: =MAX(0,IF(E19="",0,E19)-IF(F19="",0,F19)) -> 0
A20: COD18 | B20: Fiston Mavele | C20: X | G20: =MAX(0,IF(E20="",0,E20)-IF(F20="",0,F20)) -> 0
A21: COD19 | B21: Cédric Bakambu | C21: X | E21: 2 | F21: 2 | G21: =MAX(0,IF(E21="",0,E21)-IF(F21="",0,F21)) -> 0
A22: COD20 | B22: Nathanaël Mbuku | C22: X | E22: 2 | F22: 2 | G22: =MAX(0,IF(E22="",0,E22)-IF(F22="",0,F22)) -> 0

Sheet GRUPO K · Uzbekistan
A1: GRUPO K · Uzbekistan
A2: Código | B2: Jugador / Cromo | C2: Tengo | D2: Pedir | E2: Repetidos | F2: Enviados | G2: Disponibles
A3: UZB1 | B3: Escudo | C3: X | G3: =MAX(0,IF(E3="",0,E3)-IF(F3="",0,F3)) -> 0
A4: UZB2 | B4: Utkir Yusupov | C4: X | E4: 2 | F4: 2 | G4: =MAX(0,IF(E4="",0,E4)-IF(F4="",0,F4)) -> 0
A5: UZB3 | B5: Farrukh Sayfiev | C5: X | G5: =MAX(0,IF(E5="",0,E5)-IF(F5="",0,F5)) -> 0
A6: UZB4 | B6: Sherzod Nasrullaev | C6: X | G6: =MAX(0,IF(E6="",0,E6)-IF(F6="",0,F6)) -> 0
A7: UZB5 | B7: Umar Eshmurodov | C7: X | G7: =MAX(0,IF(E7="",0,E7)-IF(F7="",0,F7)) -> 0
A8: UZB6 | B8: Husniddin Aliqulov | C8: X | E8: 3 | F8: 3 | G8: =MAX(0,IF(E8="",0,E8)-IF(F8="",0,F8)) -> 0
A9: UZB7 | B9: Rustam Ashurmatov | C9: X | E9: 1 | F9: 1 | G9: =MAX(0,IF(E9="",0,E9)-IF(F9="",0,F9)) -> 0
A10: UZB8 | B10: Khojiakbar Alijonov | C10: X | E10: 1 | F10: 1 | G10: =MAX(0,IF(E10="",0,E10)-IF(F10="",0,F10)) -> 0
A11: UZB9 | B11: Abdukodir Khusanov | C11: X | G11: =MAX(0,IF(E11="",0,E11)-IF(F11="",0,F11)) -> 0
A12: UZB10 | B12: Odiljon Hamrobekov | C12: X | E12: 1 | F12: 1 | G12: =MAX(0,IF(E12="",0,E12)-IF(F12="",0,F12)) -> 0
A13: UZB11 | B13: Otabek Shukurov | C13: X | G13: =MAX(0,IF(E13="",0,E13)-IF(F13="",0,F13)) -> 0
A14: UZB12 | B14: Jamshid Iskanderov | C14: X | E14: 2 | F14: 2 | G14: =MAX(0,IF(E14="",0,E14)-IF(F14="",0,F14)) -> 0
A15: UZB13 | B15: Foto Equipo | C15: X | G15: =MAX(0,IF(E15="",0,E15)-IF(F15="",0,F15)) -> 0
A16: UZB14 | B16: Azizbek Turgunboev | C16: X | E16: 1 | F16: 1 | G16: =MAX(0,IF(E16="",0,E16)-IF(F16="",0,F16)) -> 0
A17: UZB15 | B17: Khojimat Erkinov | C17: X | E17: 2 | F17: 2 | G17: =MAX(0,IF(E17="",0,E17)-IF(F17="",0,F17)) -> 0
A18: UZB16 | B18: Eldor Shomurodov | C18: X | E18: 1 | F18: 1 | G18: =MAX(0,IF(E18="",0,E18)-IF(F18="",0,F18)) -> 0
A19: UZB17 | B19: Oston Urunov | C19: X | E19: 2 | F19: 2 | G19: =MAX(0,IF(E19="",0,E19)-IF(F19="",0,F19)) -> 0
A20: UZB18 | B20: Jaloliddin Masharipov | C20: X | G20: =MAX(0,IF(E20="",0,E20)-IF(F20="",0,F20)) -> 0
A21: UZB19 | B21: Igor Sergeev | C21: X | E21: 1 | F21: 1 | G21: =MAX(0,IF(E21="",0,E21)-IF(F21="",0,F21)) -> 0
A22: UZB20 | B22: Abbosbek Fayzullaev | C22: X | E22: 1 | F22: 1 | G22: =MAX(0,IF(E22="",0,E22)-IF(F22="",0,F22)) -> 0

Sheet GRUPO K · Colombia
A1: GRUPO K · Colombia
A2: Código | B2: Jugador / Cromo | C2: Tengo | D2: Pedir | E2: Repetidos | F2: Enviados | G2: Disponibles
A3: COL1 | B3: Escudo | C3: X | G3: =MAX(0,IF(E3="",0,E3)-IF(F3="",0,F3)) -> 0
A4: COL2 | B4: Camilo Vargas | C4: X | G4: =MAX(0,IF(E4="",0,E4)-IF(F4="",0,F4)) -> 0
A5: COL3 | B5: David Ospina | C5: X | E5: 2 | F5: 2 | G5: =MAX(0,IF(E5="",0,E5)-IF(F5="",0,F5)) -> 0
A6: COL4 | B6: Dávinson Sánchez | C6: X | E6: 1 | F6: 1 | G6: =MAX(0,IF(E6="",0,E6)-IF(F6="",0,F6)) -> 0
A7: COL5 | B7: Yerry Mina | C7: X | E7: 3 | F7: 3 | G7: =MAX(0,IF(E7="",0,E7)-IF(F7="",0,F7)) -> 0
A8: COL6 | B8: Daniel Muñoz | C8: X | E8: 1 | F8: 1 | G8: =MAX(0,IF(E8="",0,E8)-IF(F8="",0,F8)) -> 0
A9: COL7 | B9: Johan Mojica | C9: X | G9: =MAX(0,IF(E9="",0,E9)-IF(F9="",0,F9)) -> 0
A10: COL8 | B10: Jhon Lucumí | C10: X | G10: =MAX(0,IF(E10="",0,E10)-IF(F10="",0,F10)) -> 0
A11: COL9 | B11: Santiago Arias | C11: X | E11: 1 | F11: 1 | G11: =MAX(0,IF(E11="",0,E11)-IF(F11="",0,F11)) -> 0
A12: COL10 | B12: Jefferson Lerma | C12: X | E12: 2 | F12: 2 | G12: =MAX(0,IF(E12="",0,E12)-IF(F12="",0,F12)) -> 0
A13: COL11 | B13: Kevin Castaño | C13: X | G13: =MAX(0,IF(E13="",0,E13)-IF(F13="",0,F13)) -> 0
A14: COL12 | B14: Richard Ríos | C14: X | G14: =MAX(0,IF(E14="",0,E14)-IF(F14="",0,F14)) -> 0
A15: COL13 | B15: Foto Equipo | C15: X | E15: 1 | F15: 1 | G15: =MAX(0,IF(E15="",0,E15)-IF(F15="",0,F15)) -> 0
A16: COL14 | B16: James Rodríguez | C16: X | E16: 1 | F16: 1 | G16: =MAX(0,IF(E16="",0,E16)-IF(F16="",0,F16)) -> 0
A17: COL15 | B17: Juan Fernando Quintero | C17: X | E17: 1 | F17: 1 | G17: =MAX(0,IF(E17="",0,E17)-IF(F17="",0,F17)) -> 0
A18: COL16 | B18: Jorge Carrascal | C18: X | G18: =MAX(0,IF(E18="",0,E18)-IF(F18="",0,F18)) -> 0
A19: COL17 | B19: Jhon Arias | C19: X | E19: 1 | F19: 1 | G19: =MAX(0,IF(E19="",0,E19)-IF(F19="",0,F19)) -> 0
A20: COL18 | B20: Jhon Córdoba | C20: X | E20: 1 | F20: 1 | G20: =MAX(0,IF(E20="",0,E20)-IF(F20="",0,F20)) -> 0
A21: COL19 | B21: Luis Suárez | C21: X | E21: 1 | F21: 1 | G21: =MAX(0,IF(E21="",0,E21)-IF(F21="",0,F21)) -> 0
A22: COL20 | B22: Luis Díaz | C22: X | E22: 1 | F22: 1 | G22: =MAX(0,IF(E22="",0,E22)-IF(F22="",0,F22)) -> 0

Sheet GRUPO L · England
A1: GRUPO L · England
A2: Código | B2: Jugador / Cromo | C2: Tengo | D2: Pedir | E2: Repetidos | F2: Enviados | G2: Disponibles
A3: ENG1 | B3: Escudo | C3: X | G3: =MAX(0,IF(E3="",0,E3)-IF(F3="",0,F3)) -> 0
A4: ENG2 | B4: Jordan Pickford | C4: X | E4: 1 | F4: 1 | G4: =MAX(0,IF(E4="",0,E4)-IF(F4="",0,F4)) -> 0
A5: ENG3 | B5: John Stones | C5: X | E5: 2 | F5: 2 | G5: =MAX(0,IF(E5="",0,E5)-IF(F5="",0,F5)) -> 0
A6: ENG4 | B6: Marc Guéhi | C6: X | E6: 1 | F6: 1 | G6: =MAX(0,IF(E6="",0,E6)-IF(F6="",0,F6)) -> 0
A7: ENG5 | B7: Ezri Konsa | C7: X | E7: 2 | F7: 2 | G7: =MAX(0,IF(E7="",0,E7)-IF(F7="",0,F7)) -> 0
A8: ENG6 | B8: Trent Alexander-Arnold | C8: X | E8: 1 | F8: 1 | G8: =MAX(0,IF(E8="",0,E8)-IF(F8="",0,F8)) -> 0
A9: ENG7 | B9: Reece James | C9: X | E9: 2 | F9: 2 | G9: =MAX(0,IF(E9="",0,E9)-IF(F9="",0,F9)) -> 0
A10: ENG8 | B10: Dan Burn | C10: X | G10: =MAX(0,IF(E10="",0,E10)-IF(F10="",0,F10)) -> 0
A11: ENG9 | B11: Jordan Henderson | C11: X | G11: =MAX(0,IF(E11="",0,E11)-IF(F11="",0,F11)) -> 0
A12: ENG10 | B12: Declan Rice | C12: X | G12: =MAX(0,IF(E12="",0,E12)-IF(F12="",0,F12)) -> 0
A13: ENG11 | B13: Jude Bellingham | C13: X | E13: 1 | F13: 1 | G13: =MAX(0,IF(E13="",0,E13)-IF(F13="",0,F13)) -> 0
A14: ENG12 | B14: Cole Palmer | C14: X | E14: 1 | F14: 1 | G14: =MAX(0,IF(E14="",0,E14)-IF(F14="",0,F14)) -> 0
A15: ENG13 | B15: Foto Equipo | C15: X | G15: =MAX(0,IF(E15="",0,E15)-IF(F15="",0,F15)) -> 0
A16: ENG14 | B16: Morgan Rogers | C16: X | G16: =MAX(0,IF(E16="",0,E16)-IF(F16="",0,F16)) -> 0
A17: ENG15 | B17: Anthony Gordon | C17: X | G17: =MAX(0,IF(E17="",0,E17)-IF(F17="",0,F17)) -> 0
A18: ENG16 | B18: Phil Foden | C18: X | E18: 2 | F18: 2 | G18: =MAX(0,IF(E18="",0,E18)-IF(F18="",0,F18)) -> 0
A19: ENG17 | B19: Bukayo Saka | C19: X | G19: =MAX(0,IF(E19="",0,E19)-IF(F19="",0,F19)) -> 0
A20: ENG18 | B20: Harry Kane | C20: X | G20: =MAX(0,IF(E20="",0,E20)-IF(F20="",0,F20)) -> 0
A21: ENG19 | B21: Marcus Rashford | C21: X | G21: =MAX(0,IF(E21="",0,E21)-IF(F21="",0,F21)) -> 0
A22: ENG20 | B22: Ollie Watkins | C22: X | G22: =MAX(0,IF(E22="",0,E22)-IF(F22="",0,F22)) -> 0

Sheet GRUPO L · Croatia
A1: GRUPO L · Croatia
A2: Código | B2: Jugador / Cromo | C2: Tengo | D2: Pedir | E2: Repetidos | F2: Enviados | G2: Disponibles
A3: CRO1 | B3: Escudo | C3: X | G3: =MAX(0,IF(E3="",0,E3)-IF(F3="",0,F3)) -> 0
A4: CRO2 | B4: Dominik Livaković | C4: X | E4: 2 | F4: 2 | G4: =MAX(0,IF(E4="",0,E4)-IF(F4="",0,F4)) -> 0
A5: CRO3 | B5: Duje Caleta-Car | C5: X | G5: =MAX(0,IF(E5="",0,E5)-IF(F5="",0,F5)) -> 0
A6: CRO4 | B6: Joško Gvardiol | C6: X | E6: 1 | F6: 1 | G6: =MAX(0,IF(E6="",0,E6)-IF(F6="",0,F6)) -> 0
A7: CRO5 | B7: Josip Stanišić | C7: X | G7: =MAX(0,IF(E7="",0,E7)-IF(F7="",0,F7)) -> 0
A8: CRO6 | B8: Luka Vušković | C8: X | G8: =MAX(0,IF(E8="",0,E8)-IF(F8="",0,F8)) -> 0
A9: CRO7 | B9: Josip Šutalo | C9: X | G9: =MAX(0,IF(E9="",0,E9)-IF(F9="",0,F9)) -> 0
A10: CRO8 | B10: Kristijan Jakić | C10: X | E10: 2 | F10: 2 | G10: =MAX(0,IF(E10="",0,E10)-IF(F10="",0,F10)) -> 0
A11: CRO9 | B11: Luka Modrić | C11: X | E11: 2 | F11: 2 | G11: =MAX(0,IF(E11="",0,E11)-IF(F11="",0,F11)) -> 0
A12: CRO10 | B12: Mateo Kovačić | C12: X | G12: =MAX(0,IF(E12="",0,E12)-IF(F12="",0,F12)) -> 0
A13: CRO11 | B13: Martin Baturina | C13: X | G13: =MAX(0,IF(E13="",0,E13)-IF(F13="",0,F13)) -> 0
A14: CRO12 | B14: Lovro Majer | C14: X | G14: =MAX(0,IF(E14="",0,E14)-IF(F14="",0,F14)) -> 0
A15: CRO13 | B15: Foto Equipo | C15: X | G15: =MAX(0,IF(E15="",0,E15)-IF(F15="",0,F15)) -> 0
A16: CRO14 | B16: Mario Pašalić | C16: X | G16: =MAX(0,IF(E16="",0,E16)-IF(F16="",0,F16)) -> 0
A17: CRO15 | B17: Petar Sučić | C17: X | E17: 3 | F17: 3 | G17: =MAX(0,IF(E17="",0,E17)-IF(F17="",0,F17)) -> 0
A18: CRO16 | B18: Ivan Perišić | C18: X | E18: 1 | F18: 1 | G18: =MAX(0,IF(E18="",0,E18)-IF(F18="",0,F18)) -> 0
A19: CRO17 | B19: Marco Pašalić | C19: X | E19: 1 | F19: 1 | G19: =MAX(0,IF(E19="",0,E19)-IF(F19="",0,F19)) -> 0
A20: CRO18 | B20: Ante Budimir | C20: X | G20: =MAX(0,IF(E20="",0,E20)-IF(F20="",0,F20)) -> 0
A21: CRO19 | B21: Andrej Kramarić | C21: X | E21: 1 | F21: 1 | G21: =MAX(0,IF(E21="",0,E21)-IF(F21="",0,F21)) -> 0
A22: CRO20 | B22: Franjo Ivanović | C22: X | E22: 1 | F22: 1 | G22: =MAX(0,IF(E22="",0,E22)-IF(F22="",0,F22)) -> 0

Sheet GRUPO L · Ghana
A1: GRUPO L · Ghana
A2: Código | B2: Jugador / Cromo | C2: Tengo | D2: Pedir | E2: Repetidos | F2: Enviados | G2: Disponibles
A3: GHA1 | B3: Escudo | C3: X | E3: 1 | F3: 1 | G3: =MAX(0,IF(E3="",0,E3)-IF(F3="",0,F3)) -> 0
A4: GHA2 | B4: Lawrence Ati Zigi | C4: X | G4: =MAX(0,IF(E4="",0,E4)-IF(F4="",0,F4)) -> 0
A5: GHA3 | B5: Tariq Lamptey | C5: X | G5: =MAX(0,IF(E5="",0,E5)-IF(F5="",0,F5)) -> 0
A6: GHA4 | B6: Mohammed Salisu | C6: X | E6: 1 | F6: 1 | G6: =MAX(0,IF(E6="",0,E6)-IF(F6="",0,F6)) -> 0
A7: GHA5 | B7: Alidu Seidu | C7: X | E7: 1 | F7: 1 | G7: =MAX(0,IF(E7="",0,E7)-IF(F7="",0,F7)) -> 0
A8: GHA6 | B8: Alexander Djiku | C8: X | G8: =MAX(0,IF(E8="",0,E8)-IF(F8="",0,F8)) -> 0
A9: GHA7 | B9: Gideon Mensah | C9: X | G9: =MAX(0,IF(E9="",0,E9)-IF(F9="",0,F9)) -> 0
A10: GHA8 | B10: Caleb Yirenkyi | C10: X | G10: =MAX(0,IF(E10="",0,E10)-IF(F10="",0,F10)) -> 0
A11: GHA9 | B11: Abdul Issahaku Fatawu | C11: X | G11: =MAX(0,IF(E11="",0,E11)-IF(F11="",0,F11)) -> 0
A12: GHA10 | B12: Thomas Partey | C12: X | E12: 1 | F12: 1 | G12: =MAX(0,IF(E12="",0,E12)-IF(F12="",0,F12)) -> 0
A13: GHA11 | B13: Salis Abdul Samed | C13: X | E13: 2 | F13: 2 | G13: =MAX(0,IF(E13="",0,E13)-IF(F13="",0,F13)) -> 0
A14: GHA12 | B14: Kamaldeen Sulemana | C14: X | G14: =MAX(0,IF(E14="",0,E14)-IF(F14="",0,F14)) -> 0
A15: GHA13 | B15: Foto Equipo | C15: X | E15: 2 | F15: 2 | G15: =MAX(0,IF(E15="",0,E15)-IF(F15="",0,F15)) -> 0
A16: GHA14 | B16: Mohammed Kudus | C16: X | G16: =MAX(0,IF(E16="",0,E16)-IF(F16="",0,F16)) -> 0
A17: GHA15 | B17: Iñaki Williams | C17: X | E17: 1 | F17: 1 | G17: =MAX(0,IF(E17="",0,E17)-IF(F17="",0,F17)) -> 0
A18: GHA16 | B18: Jordan Ayew | C18: X | G18: =MAX(0,IF(E18="",0,E18)-IF(F18="",0,F18)) -> 0
A19: GHA17 | B19: André Ayew | C19: X | G19: =MAX(0,IF(E19="",0,E19)-IF(F19="",0,F19)) -> 0
A20: GHA18 | B20: Joseph Paintsil | C20: X | E20: 2 | F20: 2 | G20: =MAX(0,IF(E20="",0,E20)-IF(F20="",0,F20)) -> 0
A21: GHA19 | B21: Osman Bukari | C21: X | G21: =MAX(0,IF(E21="",0,E21)-IF(F21="",0,F21)) -> 0
A22: GHA20 | B22: Antoine Semenyo | C22: X | E22: 1 | F22: 1 | G22: =MAX(0,IF(E22="",0,E22)-IF(F22="",0,F22)) -> 0

Sheet GRUPO L · Panamá
A1: GRUPO L · Panamá
A2: Código | B2: Jugador / Cromo | C2: Tengo | D2: Pedir | E2: Repetidos | F2: Enviados | G2: Disponibles
A3: PAN1 | B3: Escudo | C3: X | E3: 2 | F3: 2 | G3: =MAX(0,IF(E3="",0,E3)-IF(F3="",0,F3)) -> 0
A4: PAN2 | B4: Orlando Mosquera | C4: X | E4: 1 | F4: 1 | G4: =MAX(0,IF(E4="",0,E4)-IF(F4="",0,F4)) -> 0
A5: PAN3 | B5: Luis Mejía | C5: X | E5: 2 | F5: 2 | G5: =MAX(0,IF(E5="",0,E5)-IF(F5="",0,F5)) -> 0
A6: PAN4 | B6: Fidel Escobar | C6: X | G6: =MAX(0,IF(E6="",0,E6)-IF(F6="",0,F6)) -> 0
A7: PAN5 | B7: Andrés Andrade | C7: X | E7: 1 | F7: 1 | G7: =MAX(0,IF(E7="",0,E7)-IF(F7="",0,F7)) -> 0
A8: PAN6 | B8: Michael Amir Murillo | C8: X | E8: 1 | F8: 1 | G8: =MAX(0,IF(E8="",0,E8)-IF(F8="",0,F8)) -> 0
A9: PAN7 | B9: Eric Davis | C9: X | E9: 1 | F9: 1 | G9: =MAX(0,IF(E9="",0,E9)-IF(F9="",0,F9)) -> 0
A10: PAN8 | B10: José Córdoba | C10: X | G10: =MAX(0,IF(E10="",0,E10)-IF(F10="",0,F10)) -> 0
A11: PAN9 | B11: César Blackman | C11: X | E11: 1 | F11: 1 | G11: =MAX(0,IF(E11="",0,E11)-IF(F11="",0,F11)) -> 0
A12: PAN10 | B12: Cristian Martínez | C12: X | G12: =MAX(0,IF(E12="",0,E12)-IF(F12="",0,F12)) -> 0
A13: PAN11 | B13: Anibal Godoy | C13: X | G13: =MAX(0,IF(E13="",0,E13)-IF(F13="",0,F13)) -> 0
A14: PAN12 | B14: Adalberto Carrasquilla | C14: X | G14: =MAX(0,IF(E14="",0,E14)-IF(F14="",0,F14)) -> 0
A15: PAN13 | B15: Foto Equipo | C15: X | G15: =MAX(0,IF(E15="",0,E15)-IF(F15="",0,F15)) -> 0
A16: PAN14 | B16: Édgar Bárcenas | C16: X | E16: 2 | F16: 2 | G16: =MAX(0,IF(E16="",0,E16)-IF(F16="",0,F16)) -> 0
A17: PAN15 | B17: Carlos Harvey | C17: X | G17: =MAX(0,IF(E17="",0,E17)-IF(F17="",0,F17)) -> 0
A18: PAN16 | B18: Ismael Díaz | C18: X | G18: =MAX(0,IF(E18="",0,E18)-IF(F18="",0,F18)) -> 0
A19: PAN17 | B19: José Fajardo | C19: X | G19: =MAX(0,IF(E19="",0,E19)-IF(F19="",0,F19)) -> 0
A20: PAN18 | B20: Cecilio Waterman | C20: X | G20: =MAX(0,IF(E20="",0,E20)-IF(F20="",0,F20)) -> 0
A21: PAN19 | B21: José Luis Rodríguez | C21: X | G21: =MAX(0,IF(E21="",0,E21)-IF(F21="",0,F21)) -> 0
A22: PAN20 | B22: Alberto Quintero | C22: X | E22: 1 | F22: 1 | G22: =MAX(0,IF(E22="",0,E22)-IF(F22="",0,F22)) -> 0

Sheet FIFA WORLD CUP HISTORY
A1: FIFA WORLD CUP HISTORY
A2: Código | B2: Jugador / Cromo | C2: Tengo | D2: Pedir | E2: Repetidos | F2: Enviados | G2: Disponibles
A3: FWC9 | B3: Italia - Mundial Italia 1934 | C3: X | E3: 2 | F3: 2 | G3: =MAX(0,IF(E3="",0,E3)-IF(F3="",0,F3)) -> 0
A4: FWC10 | B4: Uruguay - Mundial Brasil 1950 | C4: X | E4: 2 | F4: 2 | G4: =MAX(0,IF(E4="",0,E4)-IF(F4="",0,F4)) -> 0
A5: FWC11 | B5: Alemania - Mundial Suiza 1954 | C5: X | E5: 1 | F5: 1 | G5: =MAX(0,IF(E5="",0,E5)-IF(F5="",0,F5)) -> 0
A6: FWC12 | B6: Brasil - Mundial Chile 1962 | C6: X | G6: =MAX(0,IF(E6="",0,E6)-IF(F6="",0,F6)) -> 0
A7: FWC13 | B7: Alemania - Mundial Alemania 1974 | C7: X | G7: =MAX(0,IF(E7="",0,E7)-IF(F7="",0,F7)) -> 0
A8: FWC14 | B8: Argentina - Mundial México 1986 | C8: X | E8: 2 | F8: 2 | G8: =MAX(0,IF(E8="",0,E8)-IF(F8="",0,F8)) -> 0
A9: FWC15 | B9: Brasil - Mundial USA 1994 | C9: X | G9: =MAX(0,IF(E9="",0,E9)-IF(F9="",0,F9)) -> 0
A10: FWC16 | B10: Brasil - Mundial Corea-Japón 2002 | C10: X | E10: 1 | F10: 1 | G10: =MAX(0,IF(E10="",0,E10)-IF(F10="",0,F10)) -> 0
A11: FWC17 | B11: Italia - Mundial Alemania 2006 | C11: X | G11: =MAX(0,IF(E11="",0,E11)-IF(F11="",0,F11)) -> 0
A12: FWC18 | B12: Alemania - Mundial Brasil 2014 | C12: X | G12: =MAX(0,IF(E12="",0,E12)-IF(F12="",0,F12)) -> 0
A13: FWC19 | B13: Argentina - Mundial Catar 2022 | C13: X | E13: 2 | F13: 2 | G13: =MAX(0,IF(E13="",0,E13)-IF(F13="",0,F13)) -> 0

Sheet EXTRA STICKERS
A1: EXTRA STICKERS
A2: Código | B2: Jugador / Cromo | C2: Tengo | D2: Pedir | E2: Repetidos | F2: Enviados | G2: Disponibles
A3: EXT-ARG | B3: Lionel Messi - Argentina (×4 versiones) | G3: =MAX(0,IF(E3="",0,E3)-IF(F3="",0,F3)) -> 0
A4: EXT-BEL | B4: Jérémy Doku - Bélgica (×4 versiones) | G4: =MAX(0,IF(E4="",0,E4)-IF(F4="",0,F4)) -> 0
A5: EXT-BRA | B5: Vinícius Júnior - Brasil (×4 versiones) | G5: =MAX(0,IF(E5="",0,E5)-IF(F5="",0,F5)) -> 0
A6: EXT-CAN | B6: Alphonso Davies - Canadá (×4 versiones) | G6: =MAX(0,IF(E6="",0,E6)-IF(F6="",0,F6)) -> 0
A7: EXT-COL | B7: Luis Díaz - Colombia (×4 versiones) | G7: =MAX(0,IF(E7="",0,E7)-IF(F7="",0,F7)) -> 0
A8: EXT-CRO | B8: Luka Modrić - Croacia (×4 versiones) | G8: =MAX(0,IF(E8="",0,E8)-IF(F8="",0,F8)) -> 0
A9: EXT-ECU | B9: Moisés Caicedo - Ecuador (×4 versiones) | G9: =MAX(0,IF(E9="",0,E9)-IF(F9="",0,F9)) -> 0
A10: EXT-EGY | B10: Mohamed Salah - Egipto (×4 versiones) | G10: =MAX(0,IF(E10="",0,E10)-IF(F10="",0,F10)) -> 0
A11: EXT-ENG | B11: Jude Bellingham - Inglaterra (×4 versiones) | G11: =MAX(0,IF(E11="",0,E11)-IF(F11="",0,F11)) -> 0
A12: EXT-FRA | B12: Kylian Mbappé - Francia (×4 versiones) | G12: =MAX(0,IF(E12="",0,E12)-IF(F12="",0,F12)) -> 0
A13: EXT-GER | B13: Florian Wirtz - Alemania (×4 versiones) | G13: =MAX(0,IF(E13="",0,E13)-IF(F13="",0,F13)) -> 0
A14: EXT-MEX | B14: Raúl Jiménez - México (×4 versiones) | G14: =MAX(0,IF(E14="",0,E14)-IF(F14="",0,F14)) -> 0
... A22: EXT-URU | B22: Federico Valverde - Uruguay (×4 versiones) | G22: =MAX(0,IF(E22="",0,E22)-IF(F22="",0,F22)) -> 0

Sheet COCA COLA (Ed. España)
A1: COCA COLA (Ed. España)
A2: Código | B2: Jugador / Cromo | C2: Tengo | D2: Pedir | E2: Repetidos | F2: Enviados | G2: Disponibles
A3: CC1 | B3: Lamine Yamal - España | C3: X | E3: 1 | F3: 1 | G3: =MAX(0,IF(E3="",0,E3)-IF(F3="",0,F3)) -> 0
A4: CC2 | B4: Joshua Kimmich - Alemania | C4: X | G4: =MAX(0,IF(E4="",0,E4)-IF(F4="",0,F4)) -> 0
A5: CC3 | B5: Eduardo Camavinga - Francia | C5: X | G5: =MAX(0,IF(E5="",0,E5)-IF(F5="",0,F5)) -> 0
A6: CC4 | B6: Joško Gvardiol - Croacia | C6: X | E6: 1 | F6: 1 | G6: =MAX(0,IF(E6="",0,E6)-IF(F6="",0,F6)) -> 0
A7: CC5 | B7: Federico Valverde - Uruguay | C7: X | E7: 1 | F7: 1 | G7: =MAX(0,IF(E7="",0,E7)-IF(F7="",0,F7)) -> 0
A8: CC6 | B8: Virgil van Dijk - Países Bajos | C8: X | E8: 2 | F8: 2 | G8: =MAX(0,IF(E8="",0,E8)-IF(F8="",0,F8)) -> 0
A9: CC7 | B9: Alphonso Davies - Canadá | C9: X | E9: 1 | F9: 1 | G9: =MAX(0,IF(E9="",0,E9)-IF(F9="",0,F9)) -> 0
A10: CC8 | B10: Raúl Jiménez - México | C10: X | G10: =MAX(0,IF(E10="",0,E10)-IF(F10="",0,F10)) -> 0
A11: CC9 | B11: William Saliba - Francia | C11: X | G11: =MAX(0,IF(E11="",0,E11)-IF(F11="",0,F11)) -> 0
A12: CC10 | B12: Lautaro Martínez - Argentina | C12: X | G12: =MAX(0,IF(E12="",0,E12)-IF(F12="",0,F12)) -> 0
A13: CC11 | B13: Harry Kane - Inglaterra | C13: X | E13: 1 | F13: 1 | G13: =MAX(0,IF(E13="",0,E13)-IF(F13="",0,F13)) -> 0
A14: CC12 | B14: Antonee Robinson - Estados Unidos | C14: X | G14: =MAX(0,IF(E14="",0,E14)-IF(F14="",0,F14)) -> 0
